ISO-10303-21;
HEADER;
FILE_DESCRIPTION((''),'2;1');
FILE_NAME('C-534237-5','2011-01-05T',('workeradm'),('Tyco Electronics Ltd.'),
'PRO/ENGINEER BY PARAMETRIC TECHNOLOGY CORPORATION, 2009300',
'PRO/ENGINEER BY PARAMETRIC TECHNOLOGY CORPORATION, 2009300','');
FILE_SCHEMA(('AUTOMOTIVE_DESIGN { 1 0 10303 214 1 1 1 1 }'));
ENDSEC;
DATA;
#1=DRAUGHTING_PRE_DEFINED_COLOUR('black');
#2=COLOUR_RGB('',0.E0,0.E0,3.6E-1);
#3=COLOUR_RGB('',0.E0,0.E0,4.8E-1);
#4=DRAUGHTING_PRE_DEFINED_COLOUR('blue');
#5=COLOUR_RGB('',0.E0,3.6E-1,9.E-2);
#6=COLOUR_RGB('',0.E0,3.6E-1,2.7E-1);
#7=COLOUR_RGB('',0.E0,5.6E-1,6.4E-1);
#8=COLOUR_RGB('',0.E0,5.8E-1,8.E-1);
#9=COLOUR_RGB('',0.E0,7.1E-1,6.6E-1);
#10=COLOUR_RGB('',0.E0,7.13E-1,0.E0);
#11=COLOUR_RGB('',0.E0,9.5E-1,8.4E-1);
#12=DRAUGHTING_PRE_DEFINED_COLOUR('green');
#13=DRAUGHTING_PRE_DEFINED_COLOUR('cyan');
#14=COLOUR_RGB('',4.E-2,0.E0,1.6E-1);
#15=COLOUR_RGB('',9.E-2,0.E0,1.2E-1);
#16=COLOUR_RGB('',1.E-1,0.E0,2.5E-1);
#17=COLOUR_RGB('',1.6E-1,3.2E-2,0.E0);
#18=COLOUR_RGB('',1.6E-1,4.6E-1,6.5E-1);
#19=COLOUR_RGB('',1.6E-1,1.E0,1.6E-1);
#20=COLOUR_RGB('',2.E-1,3.2E-2,0.E0);
#21=COLOUR_RGB('',3.1E-1,3.1E-1,5.6E-1);
#22=COLOUR_RGB('',3.2E-1,1.5E-1,0.E0);
#23=COLOUR_RGB('',4.E-1,4.E-1,4.E-1);
#24=COLOUR_RGB('',4.2E-1,4.2E-1,1.E0);
#25=COLOUR_RGB('',4.4E-1,8.5E-1,1.E0);
#26=COLOUR_RGB('',4.9E-1,4.9E-1,0.E0);
#27=COLOUR_RGB('',4.9E-1,1.E0,0.E0);
#28=COLOUR_RGB('',5.E-1,0.E0,0.E0);
#29=COLOUR_RGB('',5.E-1,0.E0,2.3E-1);
#30=COLOUR_RGB('',5.E-1,5.E-1,5.E-1);
#31=COLOUR_RGB('',5.3E-1,0.E0,0.E0);
#32=COLOUR_RGB('',5.4E-1,0.E0,4.4E-1);
#33=COLOUR_RGB('',5.5E-1,3.E-1,0.E0);
#34=COLOUR_RGB('',5.6E-1,1.E-1,5.E-2);
#35=COLOUR_RGB('',5.8E-1,2.2E-1,1.E-2);
#36=COLOUR_RGB('',6.E-1,6.E-1,6.E-1);
#37=COLOUR_RGB('',6.2E-1,0.E0,5.5E-1);
#38=COLOUR_RGB('',6.4E-1,0.E0,2.5E-1);
#39=COLOUR_RGB('',6.4E-1,1.E-2,0.E0);
#40=COLOUR_RGB('',6.8E-1,7.5E-1,1.E0);
#41=COLOUR_RGB('',7.1E-1,3.1E-1,0.E0);
#42=COLOUR_RGB('',7.2E-1,7.2E-1,7.2E-1);
#43=COLOUR_RGB('',7.4E-1,1.E0,2.6E-1);
#44=COLOUR_RGB('',7.5E-1,3.E-2,0.E0);
#45=COLOUR_RGB('',7.6E-1,0.E0,4.7E-1);
#46=COLOUR_RGB('',8.1E-1,4.E-2,0.E0);
#47=COLOUR_RGB('',8.1E-1,6.1E-1,0.E0);
#48=COLOUR_RGB('',8.2E-1,4.E-2,6.6E-1);
#49=COLOUR_RGB('',8.5E-1,8.5E-1,8.5E-1);
#50=COLOUR_RGB('',8.784E-1,9.49E-1,1.E0);
#51=COLOUR_RGB('',9.E-1,1.E0,0.E0);
#52=COLOUR_RGB('',9.37E-1,7.85E-1,0.E0);
#53=COLOUR_RGB('',9.5E-1,2.2E-1,8.1E-1);
#54=COLOUR_RGB('',9.6E-1,3.7E-1,3.E-1);
#55=COLOUR_RGB('',9.6E-1,7.1E-1,3.75E-1);
#56=DRAUGHTING_PRE_DEFINED_COLOUR('red');
#57=COLOUR_RGB('',1.E0,0.E0,6.1E-1);
#58=COLOUR_RGB('',1.E0,4.E-2,0.E0);
#59=COLOUR_RGB('',1.E0,2.3E-1,0.E0);
#60=COLOUR_RGB('',1.E0,3.5E-1,5.2E-1);
#61=COLOUR_RGB('',1.E0,3.6E-1,0.E0);
#62=COLOUR_RGB('',1.E0,4.9E-1,3.7E-1);
#63=COLOUR_RGB('',1.E0,5.E-1,0.E0);
#64=COLOUR_RGB('',1.E0,5.6E-1,7.8E-1);
#65=COLOUR_RGB('',1.E0,6.4E-1,4.9E-1);
#66=COLOUR_RGB('',1.E0,6.7E-1,0.E0);
#67=COLOUR_RGB('',1.E0,7.6E-1,6.5E-1);
#68=COLOUR_RGB('',1.E0,8.6E-1,4.E-2);
#69=COLOUR_RGB('',1.E0,9.8E-1,7.2E-1);
#70=DRAUGHTING_PRE_DEFINED_COLOUR('yellow');
#71=DRAUGHTING_PRE_DEFINED_COLOUR('white');
#72=DIRECTION('',(0.E0,-1.E0,0.E0));
#73=VECTOR('',#72,3.556E0);
#74=CARTESIAN_POINT('',(8.89E0,1.778E0,0.E0));
#75=LINE('',#74,#73);
#76=DIRECTION('',(-1.E0,0.E0,0.E0));
#77=VECTOR('',#76,1.778E1);
#78=CARTESIAN_POINT('',(8.89E0,-1.778E0,0.E0));
#79=LINE('',#78,#77);
#80=DIRECTION('',(0.E0,1.E0,0.E0));
#81=VECTOR('',#80,3.556E0);
#82=CARTESIAN_POINT('',(-8.89E0,-1.778E0,0.E0));
#83=LINE('',#82,#81);
#84=DIRECTION('',(1.E0,0.E0,0.E0));
#85=VECTOR('',#84,1.778E1);
#86=CARTESIAN_POINT('',(-8.89E0,1.778E0,0.E0));
#87=LINE('',#86,#85);
#88=DIRECTION('',(1.E0,0.E0,0.E0));
#89=VECTOR('',#88,2.4384E0);
#90=CARTESIAN_POINT('',(-8.8392E0,1.0922E0,0.E0));
#91=LINE('',#90,#89);
#92=DIRECTION('',(0.E0,1.E0,0.E0));
#93=VECTOR('',#92,2.1844E0);
#94=CARTESIAN_POINT('',(-8.8392E0,-1.0922E0,0.E0));
#95=LINE('',#94,#93);
#96=DIRECTION('',(-1.E0,0.E0,0.E0));
#97=VECTOR('',#96,2.4384E0);
#98=CARTESIAN_POINT('',(-6.4008E0,-1.0922E0,0.E0));
#99=LINE('',#98,#97);
#100=DIRECTION('',(0.E0,-1.E0,0.E0));
#101=VECTOR('',#100,2.1844E0);
#102=CARTESIAN_POINT('',(-6.4008E0,1.0922E0,0.E0));
#103=LINE('',#102,#101);
#104=DIRECTION('',(1.E0,0.E0,0.E0));
#105=VECTOR('',#104,2.4384E0);
#106=CARTESIAN_POINT('',(-6.2992E0,1.0922E0,0.E0));
#107=LINE('',#106,#105);
#108=DIRECTION('',(0.E0,1.E0,0.E0));
#109=VECTOR('',#108,2.1844E0);
#110=CARTESIAN_POINT('',(-6.2992E0,-1.0922E0,0.E0));
#111=LINE('',#110,#109);
#112=DIRECTION('',(-1.E0,0.E0,0.E0));
#113=VECTOR('',#112,2.4384E0);
#114=CARTESIAN_POINT('',(-3.8608E0,-1.0922E0,0.E0));
#115=LINE('',#114,#113);
#116=DIRECTION('',(0.E0,-1.E0,0.E0));
#117=VECTOR('',#116,2.1844E0);
#118=CARTESIAN_POINT('',(-3.8608E0,1.0922E0,0.E0));
#119=LINE('',#118,#117);
#120=DIRECTION('',(1.E0,0.E0,0.E0));
#121=VECTOR('',#120,2.4384E0);
#122=CARTESIAN_POINT('',(-3.7592E0,1.0922E0,0.E0));
#123=LINE('',#122,#121);
#124=DIRECTION('',(0.E0,1.E0,0.E0));
#125=VECTOR('',#124,2.1844E0);
#126=CARTESIAN_POINT('',(-3.7592E0,-1.0922E0,0.E0));
#127=LINE('',#126,#125);
#128=DIRECTION('',(-1.E0,0.E0,0.E0));
#129=VECTOR('',#128,2.4384E0);
#130=CARTESIAN_POINT('',(-1.3208E0,-1.0922E0,0.E0));
#131=LINE('',#130,#129);
#132=DIRECTION('',(0.E0,-1.E0,0.E0));
#133=VECTOR('',#132,2.1844E0);
#134=CARTESIAN_POINT('',(-1.3208E0,1.0922E0,0.E0));
#135=LINE('',#134,#133);
#136=DIRECTION('',(1.E0,0.E0,0.E0));
#137=VECTOR('',#136,2.4384E0);
#138=CARTESIAN_POINT('',(-1.2192E0,1.0922E0,0.E0));
#139=LINE('',#138,#137);
#140=DIRECTION('',(0.E0,1.E0,0.E0));
#141=VECTOR('',#140,2.1844E0);
#142=CARTESIAN_POINT('',(-1.2192E0,-1.0922E0,0.E0));
#143=LINE('',#142,#141);
#144=DIRECTION('',(-1.E0,0.E0,0.E0));
#145=VECTOR('',#144,2.4384E0);
#146=CARTESIAN_POINT('',(1.2192E0,-1.0922E0,0.E0));
#147=LINE('',#146,#145);
#148=DIRECTION('',(0.E0,-1.E0,0.E0));
#149=VECTOR('',#148,2.1844E0);
#150=CARTESIAN_POINT('',(1.2192E0,1.0922E0,0.E0));
#151=LINE('',#150,#149);
#152=DIRECTION('',(1.E0,0.E0,0.E0));
#153=VECTOR('',#152,2.4384E0);
#154=CARTESIAN_POINT('',(1.3208E0,1.0922E0,0.E0));
#155=LINE('',#154,#153);
#156=DIRECTION('',(0.E0,1.E0,0.E0));
#157=VECTOR('',#156,2.1844E0);
#158=CARTESIAN_POINT('',(1.3208E0,-1.0922E0,0.E0));
#159=LINE('',#158,#157);
#160=DIRECTION('',(-1.E0,0.E0,0.E0));
#161=VECTOR('',#160,2.4384E0);
#162=CARTESIAN_POINT('',(3.7592E0,-1.0922E0,0.E0));
#163=LINE('',#162,#161);
#164=DIRECTION('',(0.E0,-1.E0,0.E0));
#165=VECTOR('',#164,2.1844E0);
#166=CARTESIAN_POINT('',(3.7592E0,1.0922E0,0.E0));
#167=LINE('',#166,#165);
#168=DIRECTION('',(1.E0,0.E0,0.E0));
#169=VECTOR('',#168,2.4384E0);
#170=CARTESIAN_POINT('',(3.8608E0,1.0922E0,0.E0));
#171=LINE('',#170,#169);
#172=DIRECTION('',(0.E0,1.E0,0.E0));
#173=VECTOR('',#172,2.1844E0);
#174=CARTESIAN_POINT('',(3.8608E0,-1.0922E0,0.E0));
#175=LINE('',#174,#173);
#176=DIRECTION('',(-1.E0,0.E0,0.E0));
#177=VECTOR('',#176,2.4384E0);
#178=CARTESIAN_POINT('',(6.2992E0,-1.0922E0,0.E0));
#179=LINE('',#178,#177);
#180=DIRECTION('',(0.E0,-1.E0,0.E0));
#181=VECTOR('',#180,2.1844E0);
#182=CARTESIAN_POINT('',(6.2992E0,1.0922E0,0.E0));
#183=LINE('',#182,#181);
#184=DIRECTION('',(1.E0,0.E0,0.E0));
#185=VECTOR('',#184,2.4384E0);
#186=CARTESIAN_POINT('',(6.4008E0,1.0922E0,0.E0));
#187=LINE('',#186,#185);
#188=DIRECTION('',(0.E0,1.E0,0.E0));
#189=VECTOR('',#188,2.1844E0);
#190=CARTESIAN_POINT('',(6.4008E0,-1.0922E0,0.E0));
#191=LINE('',#190,#189);
#192=DIRECTION('',(-1.E0,0.E0,0.E0));
#193=VECTOR('',#192,2.4384E0);
#194=CARTESIAN_POINT('',(8.8392E0,-1.0922E0,0.E0));
#195=LINE('',#194,#193);
#196=DIRECTION('',(0.E0,-1.E0,0.E0));
#197=VECTOR('',#196,2.1844E0);
#198=CARTESIAN_POINT('',(8.8392E0,1.0922E0,0.E0));
#199=LINE('',#198,#197);
#200=DIRECTION('',(0.E0,0.E0,-1.E0));
#201=VECTOR('',#200,8.128E0);
#202=CARTESIAN_POINT('',(8.89E0,1.778E0,0.E0));
#203=LINE('',#202,#201);
#204=DIRECTION('',(5.E-1,0.E0,-8.660254037844E-1));
#205=VECTOR('',#204,5.865878734967E-1);
#206=CARTESIAN_POINT('',(5.802706063252E0,1.778E0,-8.128E0));
#207=LINE('',#206,#205);
#208=DIRECTION('',(1.E0,0.E0,0.E0));
#209=VECTOR('',#208,5.08E-1);
#210=CARTESIAN_POINT('',(6.096E0,1.778E0,-8.636E0));
#211=LINE('',#210,#209);
#212=DIRECTION('',(5.E-1,0.E0,8.660254037844E-1));
#213=VECTOR('',#212,5.865878734967E-1);
#214=CARTESIAN_POINT('',(6.604E0,1.778E0,-8.636E0));
#215=LINE('',#214,#213);
#216=DIRECTION('',(0.E0,0.E0,-1.E0));
#217=VECTOR('',#216,8.128E0);
#218=CARTESIAN_POINT('',(-8.89E0,1.778E0,0.E0));
#219=LINE('',#218,#217);
#220=DIRECTION('',(5.E-1,0.E0,-8.660254037844E-1));
#221=VECTOR('',#220,5.865878734967E-1);
#222=CARTESIAN_POINT('',(-6.897293936748E0,1.778E0,-8.128E0));
#223=LINE('',#222,#221);
#224=DIRECTION('',(1.E0,0.E0,0.E0));
#225=VECTOR('',#224,5.08E-1);
#226=CARTESIAN_POINT('',(-6.604E0,1.778E0,-8.636E0));
#227=LINE('',#226,#225);
#228=DIRECTION('',(5.E-1,0.E0,8.660254037844E-1));
#229=VECTOR('',#228,5.865878734967E-1);
#230=CARTESIAN_POINT('',(-6.096E0,1.778E0,-8.636E0));
#231=LINE('',#230,#229);
#232=DIRECTION('',(5.E-1,0.E0,-8.660254037844E-1));
#233=VECTOR('',#232,5.865878734967E-1);
#234=CARTESIAN_POINT('',(-4.357293936748E0,1.778E0,-8.128E0));
#235=LINE('',#234,#233);
#236=DIRECTION('',(1.E0,0.E0,0.E0));
#237=VECTOR('',#236,5.08E-1);
#238=CARTESIAN_POINT('',(-4.064E0,1.778E0,-8.636E0));
#239=LINE('',#238,#237);
#240=DIRECTION('',(5.E-1,0.E0,8.660254037844E-1));
#241=VECTOR('',#240,5.865878734967E-1);
#242=CARTESIAN_POINT('',(-3.556E0,1.778E0,-8.636E0));
#243=LINE('',#242,#241);
#244=DIRECTION('',(5.E-1,0.E0,-8.660254037844E-1));
#245=VECTOR('',#244,5.865878734967E-1);
#246=CARTESIAN_POINT('',(-1.817293936748E0,1.778E0,-8.128E0));
#247=LINE('',#246,#245);
#248=DIRECTION('',(1.E0,0.E0,0.E0));
#249=VECTOR('',#248,5.08E-1);
#250=CARTESIAN_POINT('',(-1.524E0,1.778E0,-8.636E0));
#251=LINE('',#250,#249);
#252=DIRECTION('',(5.E-1,0.E0,8.660254037844E-1));
#253=VECTOR('',#252,5.865878734967E-1);
#254=CARTESIAN_POINT('',(-1.016E0,1.778E0,-8.636E0));
#255=LINE('',#254,#253);
#256=DIRECTION('',(5.E-1,0.E0,-8.660254037844E-1));
#257=VECTOR('',#256,5.865878734967E-1);
#258=CARTESIAN_POINT('',(7.227060632517E-1,1.778E0,-8.128E0));
#259=LINE('',#258,#257);
#260=DIRECTION('',(1.E0,0.E0,0.E0));
#261=VECTOR('',#260,5.08E-1);
#262=CARTESIAN_POINT('',(1.016E0,1.778E0,-8.636E0));
#263=LINE('',#262,#261);
#264=DIRECTION('',(5.E-1,0.E0,8.660254037844E-1));
#265=VECTOR('',#264,5.865878734967E-1);
#266=CARTESIAN_POINT('',(1.524E0,1.778E0,-8.636E0));
#267=LINE('',#266,#265);
#268=DIRECTION('',(5.E-1,0.E0,-8.660254037844E-1));
#269=VECTOR('',#268,5.865878734967E-1);
#270=CARTESIAN_POINT('',(3.262706063252E0,1.778E0,-8.128E0));
#271=LINE('',#270,#269);
#272=DIRECTION('',(1.E0,0.E0,0.E0));
#273=VECTOR('',#272,5.08E-1);
#274=CARTESIAN_POINT('',(3.556E0,1.778E0,-8.636E0));
#275=LINE('',#274,#273);
#276=DIRECTION('',(5.E-1,0.E0,8.660254037844E-1));
#277=VECTOR('',#276,5.865878734967E-1);
#278=CARTESIAN_POINT('',(4.064E0,1.778E0,-8.636E0));
#279=LINE('',#278,#277);
#280=DIRECTION('',(-1.E0,0.E0,0.E0));
#281=VECTOR('',#280,1.094587873497E0);
#282=CARTESIAN_POINT('',(6.897293936748E0,-1.27E0,-8.128E0));
#283=LINE('',#282,#281);
#284=DIRECTION('',(0.E0,1.E0,0.E0));
#285=VECTOR('',#284,5.08E-1);
#286=CARTESIAN_POINT('',(6.897293936748E0,-1.778E0,-8.128E0));
#287=LINE('',#286,#285);
#288=DIRECTION('',(-1.E0,0.E0,0.E0));
#289=VECTOR('',#288,1.992706063252E0);
#290=CARTESIAN_POINT('',(8.89E0,-1.778E0,-8.128E0));
#291=LINE('',#290,#289);
#292=DIRECTION('',(0.E0,-1.E0,0.E0));
#293=VECTOR('',#292,3.556E0);
#294=CARTESIAN_POINT('',(8.89E0,1.778E0,-8.128E0));
#295=LINE('',#294,#293);
#296=DIRECTION('',(1.E0,0.E0,0.E0));
#297=VECTOR('',#296,1.992706063252E0);
#298=CARTESIAN_POINT('',(6.897293936748E0,1.778E0,-8.128E0));
#299=LINE('',#298,#297);
#300=DIRECTION('',(0.E0,-1.E0,0.E0));
#301=VECTOR('',#300,5.08E-1);
#302=CARTESIAN_POINT('',(6.897293936748E0,1.778E0,-8.128E0));
#303=LINE('',#302,#301);
#304=DIRECTION('',(-1.E0,0.E0,0.E0));
#305=VECTOR('',#304,1.094587873497E0);
#306=CARTESIAN_POINT('',(6.897293936748E0,1.27E0,-8.128E0));
#307=LINE('',#306,#305);
#308=DIRECTION('',(0.E0,-1.E0,0.E0));
#309=VECTOR('',#308,5.08E-1);
#310=CARTESIAN_POINT('',(5.802706063252E0,1.778E0,-8.128E0));
#311=LINE('',#310,#309);
#312=DIRECTION('',(1.E0,0.E0,0.E0));
#313=VECTOR('',#312,1.445412126503E0);
#314=CARTESIAN_POINT('',(4.357293936748E0,1.778E0,-8.128E0));
#315=LINE('',#314,#313);
#316=DIRECTION('',(0.E0,-1.E0,0.E0));
#317=VECTOR('',#316,5.08E-1);
#318=CARTESIAN_POINT('',(4.357293936748E0,1.778E0,-8.128E0));
#319=LINE('',#318,#317);
#320=DIRECTION('',(-1.E0,0.E0,0.E0));
#321=VECTOR('',#320,1.094587873497E0);
#322=CARTESIAN_POINT('',(4.357293936748E0,1.27E0,-8.128E0));
#323=LINE('',#322,#321);
#324=DIRECTION('',(0.E0,-1.E0,0.E0));
#325=VECTOR('',#324,5.08E-1);
#326=CARTESIAN_POINT('',(3.262706063252E0,1.778E0,-8.128E0));
#327=LINE('',#326,#325);
#328=DIRECTION('',(1.E0,0.E0,0.E0));
#329=VECTOR('',#328,1.445412126503E0);
#330=CARTESIAN_POINT('',(1.817293936748E0,1.778E0,-8.128E0));
#331=LINE('',#330,#329);
#332=DIRECTION('',(0.E0,-1.E0,0.E0));
#333=VECTOR('',#332,5.08E-1);
#334=CARTESIAN_POINT('',(1.817293936748E0,1.778E0,-8.128E0));
#335=LINE('',#334,#333);
#336=DIRECTION('',(-1.E0,0.E0,0.E0));
#337=VECTOR('',#336,1.094587873497E0);
#338=CARTESIAN_POINT('',(1.817293936748E0,1.27E0,-8.128E0));
#339=LINE('',#338,#337);
#340=DIRECTION('',(0.E0,-1.E0,0.E0));
#341=VECTOR('',#340,5.08E-1);
#342=CARTESIAN_POINT('',(7.227060632517E-1,1.778E0,-8.128E0));
#343=LINE('',#342,#341);
#344=DIRECTION('',(1.E0,0.E0,0.E0));
#345=VECTOR('',#344,1.445412126503E0);
#346=CARTESIAN_POINT('',(-7.227060632517E-1,1.778E0,-8.128E0));
#347=LINE('',#346,#345);
#348=DIRECTION('',(0.E0,-1.E0,0.E0));
#349=VECTOR('',#348,5.08E-1);
#350=CARTESIAN_POINT('',(-7.227060632517E-1,1.778E0,-8.128E0));
#351=LINE('',#350,#349);
#352=DIRECTION('',(-1.E0,0.E0,0.E0));
#353=VECTOR('',#352,1.094587873497E0);
#354=CARTESIAN_POINT('',(-7.227060632517E-1,1.27E0,-8.128E0));
#355=LINE('',#354,#353);
#356=DIRECTION('',(0.E0,-1.E0,0.E0));
#357=VECTOR('',#356,5.08E-1);
#358=CARTESIAN_POINT('',(-1.817293936748E0,1.778E0,-8.128E0));
#359=LINE('',#358,#357);
#360=DIRECTION('',(1.E0,0.E0,0.E0));
#361=VECTOR('',#360,1.445412126503E0);
#362=CARTESIAN_POINT('',(-3.262706063252E0,1.778E0,-8.128E0));
#363=LINE('',#362,#361);
#364=DIRECTION('',(0.E0,-1.E0,0.E0));
#365=VECTOR('',#364,5.08E-1);
#366=CARTESIAN_POINT('',(-3.262706063252E0,1.778E0,-8.128E0));
#367=LINE('',#366,#365);
#368=DIRECTION('',(-1.E0,0.E0,0.E0));
#369=VECTOR('',#368,1.094587873497E0);
#370=CARTESIAN_POINT('',(-3.262706063252E0,1.27E0,-8.128E0));
#371=LINE('',#370,#369);
#372=DIRECTION('',(0.E0,-1.E0,0.E0));
#373=VECTOR('',#372,5.08E-1);
#374=CARTESIAN_POINT('',(-4.357293936748E0,1.778E0,-8.128E0));
#375=LINE('',#374,#373);
#376=DIRECTION('',(1.E0,0.E0,0.E0));
#377=VECTOR('',#376,1.445412126503E0);
#378=CARTESIAN_POINT('',(-5.802706063252E0,1.778E0,-8.128E0));
#379=LINE('',#378,#377);
#380=DIRECTION('',(0.E0,1.E0,0.E0));
#381=VECTOR('',#380,5.08E-1);
#382=CARTESIAN_POINT('',(-5.802706063252E0,1.27E0,-8.128E0));
#383=LINE('',#382,#381);
#384=DIRECTION('',(-1.E0,0.E0,0.E0));
#385=VECTOR('',#384,1.094587873497E0);
#386=CARTESIAN_POINT('',(-5.802706063252E0,1.27E0,-8.128E0));
#387=LINE('',#386,#385);
#388=DIRECTION('',(0.E0,1.E0,0.E0));
#389=VECTOR('',#388,5.08E-1);
#390=CARTESIAN_POINT('',(-6.897293936748E0,1.27E0,-8.128E0));
#391=LINE('',#390,#389);
#392=DIRECTION('',(1.E0,0.E0,0.E0));
#393=VECTOR('',#392,1.992706063252E0);
#394=CARTESIAN_POINT('',(-8.89E0,1.778E0,-8.128E0));
#395=LINE('',#394,#393);
#396=DIRECTION('',(0.E0,1.E0,0.E0));
#397=VECTOR('',#396,3.556E0);
#398=CARTESIAN_POINT('',(-8.89E0,-1.778E0,-8.128E0));
#399=LINE('',#398,#397);
#400=DIRECTION('',(-1.E0,0.E0,0.E0));
#401=VECTOR('',#400,1.992706063252E0);
#402=CARTESIAN_POINT('',(-6.897293936748E0,-1.778E0,-8.128E0));
#403=LINE('',#402,#401);
#404=DIRECTION('',(0.E0,1.E0,0.E0));
#405=VECTOR('',#404,5.08E-1);
#406=CARTESIAN_POINT('',(-6.897293936748E0,-1.778E0,-8.128E0));
#407=LINE('',#406,#405);
#408=DIRECTION('',(-1.E0,0.E0,0.E0));
#409=VECTOR('',#408,1.094587873497E0);
#410=CARTESIAN_POINT('',(-5.802706063252E0,-1.27E0,-8.128E0));
#411=LINE('',#410,#409);
#412=DIRECTION('',(0.E0,1.E0,0.E0));
#413=VECTOR('',#412,5.08E-1);
#414=CARTESIAN_POINT('',(-5.802706063252E0,-1.778E0,-8.128E0));
#415=LINE('',#414,#413);
#416=DIRECTION('',(-1.E0,0.E0,0.E0));
#417=VECTOR('',#416,1.445412126503E0);
#418=CARTESIAN_POINT('',(-4.357293936748E0,-1.778E0,-8.128E0));
#419=LINE('',#418,#417);
#420=DIRECTION('',(0.E0,1.E0,0.E0));
#421=VECTOR('',#420,5.08E-1);
#422=CARTESIAN_POINT('',(-4.357293936748E0,-1.778E0,-8.128E0));
#423=LINE('',#422,#421);
#424=DIRECTION('',(-1.E0,0.E0,0.E0));
#425=VECTOR('',#424,1.094587873497E0);
#426=CARTESIAN_POINT('',(-3.262706063252E0,-1.27E0,-8.128E0));
#427=LINE('',#426,#425);
#428=DIRECTION('',(0.E0,1.E0,0.E0));
#429=VECTOR('',#428,5.08E-1);
#430=CARTESIAN_POINT('',(-3.262706063252E0,-1.778E0,-8.128E0));
#431=LINE('',#430,#429);
#432=DIRECTION('',(-1.E0,0.E0,0.E0));
#433=VECTOR('',#432,1.445412126503E0);
#434=CARTESIAN_POINT('',(-1.817293936748E0,-1.778E0,-8.128E0));
#435=LINE('',#434,#433);
#436=DIRECTION('',(0.E0,1.E0,0.E0));
#437=VECTOR('',#436,5.08E-1);
#438=CARTESIAN_POINT('',(-1.817293936748E0,-1.778E0,-8.128E0));
#439=LINE('',#438,#437);
#440=DIRECTION('',(-1.E0,0.E0,0.E0));
#441=VECTOR('',#440,1.094587873497E0);
#442=CARTESIAN_POINT('',(-7.227060632517E-1,-1.27E0,-8.128E0));
#443=LINE('',#442,#441);
#444=DIRECTION('',(0.E0,1.E0,0.E0));
#445=VECTOR('',#444,5.08E-1);
#446=CARTESIAN_POINT('',(-7.227060632517E-1,-1.778E0,-8.128E0));
#447=LINE('',#446,#445);
#448=DIRECTION('',(-1.E0,0.E0,0.E0));
#449=VECTOR('',#448,1.445412126503E0);
#450=CARTESIAN_POINT('',(7.227060632517E-1,-1.778E0,-8.128E0));
#451=LINE('',#450,#449);
#452=DIRECTION('',(0.E0,1.E0,0.E0));
#453=VECTOR('',#452,5.08E-1);
#454=CARTESIAN_POINT('',(7.227060632517E-1,-1.778E0,-8.128E0));
#455=LINE('',#454,#453);
#456=DIRECTION('',(-1.E0,0.E0,0.E0));
#457=VECTOR('',#456,1.094587873497E0);
#458=CARTESIAN_POINT('',(1.817293936748E0,-1.27E0,-8.128E0));
#459=LINE('',#458,#457);
#460=DIRECTION('',(0.E0,1.E0,0.E0));
#461=VECTOR('',#460,5.08E-1);
#462=CARTESIAN_POINT('',(1.817293936748E0,-1.778E0,-8.128E0));
#463=LINE('',#462,#461);
#464=DIRECTION('',(-1.E0,0.E0,0.E0));
#465=VECTOR('',#464,1.445412126503E0);
#466=CARTESIAN_POINT('',(3.262706063252E0,-1.778E0,-8.128E0));
#467=LINE('',#466,#465);
#468=DIRECTION('',(0.E0,1.E0,0.E0));
#469=VECTOR('',#468,5.08E-1);
#470=CARTESIAN_POINT('',(3.262706063252E0,-1.778E0,-8.128E0));
#471=LINE('',#470,#469);
#472=DIRECTION('',(-1.E0,0.E0,0.E0));
#473=VECTOR('',#472,1.094587873497E0);
#474=CARTESIAN_POINT('',(4.357293936748E0,-1.27E0,-8.128E0));
#475=LINE('',#474,#473);
#476=DIRECTION('',(0.E0,1.E0,0.E0));
#477=VECTOR('',#476,5.08E-1);
#478=CARTESIAN_POINT('',(4.357293936748E0,-1.778E0,-8.128E0));
#479=LINE('',#478,#477);
#480=DIRECTION('',(-1.E0,0.E0,0.E0));
#481=VECTOR('',#480,1.445412126503E0);
#482=CARTESIAN_POINT('',(5.802706063252E0,-1.778E0,-8.128E0));
#483=LINE('',#482,#481);
#484=DIRECTION('',(0.E0,1.E0,0.E0));
#485=VECTOR('',#484,5.08E-1);
#486=CARTESIAN_POINT('',(5.802706063252E0,-1.778E0,-8.128E0));
#487=LINE('',#486,#485);
#488=DIRECTION('',(0.E0,-1.E0,0.E0));
#489=VECTOR('',#488,2.54E-1);
#490=CARTESIAN_POINT('',(-7.96925E0,1.27E-1,-8.128E0));
#491=LINE('',#490,#489);
#492=DIRECTION('',(1.E0,0.E0,0.E0));
#493=VECTOR('',#492,6.985E-1);
#494=CARTESIAN_POINT('',(-7.96925E0,1.27E-1,-8.128E0));
#495=LINE('',#494,#493);
#496=DIRECTION('',(0.E0,-1.E0,0.E0));
#497=VECTOR('',#496,2.54E-1);
#498=CARTESIAN_POINT('',(-7.27075E0,1.27E-1,-8.128E0));
#499=LINE('',#498,#497);
#500=DIRECTION('',(1.E0,0.E0,0.E0));
#501=VECTOR('',#500,6.985E-1);
#502=CARTESIAN_POINT('',(-7.96925E0,-1.27E-1,-8.128E0));
#503=LINE('',#502,#501);
#504=DIRECTION('',(0.E0,-1.E0,0.E0));
#505=VECTOR('',#504,2.54E-1);
#506=CARTESIAN_POINT('',(-5.42925E0,1.27E-1,-8.128E0));
#507=LINE('',#506,#505);
#508=DIRECTION('',(1.E0,0.E0,0.E0));
#509=VECTOR('',#508,6.985E-1);
#510=CARTESIAN_POINT('',(-5.42925E0,1.27E-1,-8.128E0));
#511=LINE('',#510,#509);
#512=DIRECTION('',(0.E0,-1.E0,0.E0));
#513=VECTOR('',#512,2.54E-1);
#514=CARTESIAN_POINT('',(-4.73075E0,1.27E-1,-8.128E0));
#515=LINE('',#514,#513);
#516=DIRECTION('',(1.E0,0.E0,0.E0));
#517=VECTOR('',#516,6.985E-1);
#518=CARTESIAN_POINT('',(-5.42925E0,-1.27E-1,-8.128E0));
#519=LINE('',#518,#517);
#520=DIRECTION('',(0.E0,-1.E0,0.E0));
#521=VECTOR('',#520,2.54E-1);
#522=CARTESIAN_POINT('',(-2.88925E0,1.27E-1,-8.128E0));
#523=LINE('',#522,#521);
#524=DIRECTION('',(1.E0,0.E0,0.E0));
#525=VECTOR('',#524,6.985E-1);
#526=CARTESIAN_POINT('',(-2.88925E0,1.27E-1,-8.128E0));
#527=LINE('',#526,#525);
#528=DIRECTION('',(0.E0,-1.E0,0.E0));
#529=VECTOR('',#528,2.54E-1);
#530=CARTESIAN_POINT('',(-2.19075E0,1.27E-1,-8.128E0));
#531=LINE('',#530,#529);
#532=DIRECTION('',(1.E0,0.E0,0.E0));
#533=VECTOR('',#532,6.985E-1);
#534=CARTESIAN_POINT('',(-2.88925E0,-1.27E-1,-8.128E0));
#535=LINE('',#534,#533);
#536=DIRECTION('',(0.E0,-1.E0,0.E0));
#537=VECTOR('',#536,2.54E-1);
#538=CARTESIAN_POINT('',(-3.4925E-1,1.27E-1,-8.128E0));
#539=LINE('',#538,#537);
#540=DIRECTION('',(1.E0,0.E0,0.E0));
#541=VECTOR('',#540,6.985E-1);
#542=CARTESIAN_POINT('',(-3.4925E-1,1.27E-1,-8.128E0));
#543=LINE('',#542,#541);
#544=DIRECTION('',(0.E0,-1.E0,0.E0));
#545=VECTOR('',#544,2.54E-1);
#546=CARTESIAN_POINT('',(3.4925E-1,1.27E-1,-8.128E0));
#547=LINE('',#546,#545);
#548=DIRECTION('',(1.E0,0.E0,0.E0));
#549=VECTOR('',#548,6.985E-1);
#550=CARTESIAN_POINT('',(-3.4925E-1,-1.27E-1,-8.128E0));
#551=LINE('',#550,#549);
#552=DIRECTION('',(0.E0,-1.E0,0.E0));
#553=VECTOR('',#552,2.54E-1);
#554=CARTESIAN_POINT('',(2.19075E0,1.27E-1,-8.128E0));
#555=LINE('',#554,#553);
#556=DIRECTION('',(1.E0,0.E0,0.E0));
#557=VECTOR('',#556,6.985E-1);
#558=CARTESIAN_POINT('',(2.19075E0,1.27E-1,-8.128E0));
#559=LINE('',#558,#557);
#560=DIRECTION('',(0.E0,-1.E0,0.E0));
#561=VECTOR('',#560,2.54E-1);
#562=CARTESIAN_POINT('',(2.88925E0,1.27E-1,-8.128E0));
#563=LINE('',#562,#561);
#564=DIRECTION('',(1.E0,0.E0,0.E0));
#565=VECTOR('',#564,6.985E-1);
#566=CARTESIAN_POINT('',(2.19075E0,-1.27E-1,-8.128E0));
#567=LINE('',#566,#565);
#568=DIRECTION('',(0.E0,-1.E0,0.E0));
#569=VECTOR('',#568,2.54E-1);
#570=CARTESIAN_POINT('',(4.73075E0,1.27E-1,-8.128E0));
#571=LINE('',#570,#569);
#572=DIRECTION('',(1.E0,0.E0,0.E0));
#573=VECTOR('',#572,6.985E-1);
#574=CARTESIAN_POINT('',(4.73075E0,1.27E-1,-8.128E0));
#575=LINE('',#574,#573);
#576=DIRECTION('',(0.E0,-1.E0,0.E0));
#577=VECTOR('',#576,2.54E-1);
#578=CARTESIAN_POINT('',(5.42925E0,1.27E-1,-8.128E0));
#579=LINE('',#578,#577);
#580=DIRECTION('',(1.E0,0.E0,0.E0));
#581=VECTOR('',#580,6.985E-1);
#582=CARTESIAN_POINT('',(4.73075E0,-1.27E-1,-8.128E0));
#583=LINE('',#582,#581);
#584=DIRECTION('',(0.E0,-1.E0,0.E0));
#585=VECTOR('',#584,2.54E-1);
#586=CARTESIAN_POINT('',(7.27075E0,1.27E-1,-8.128E0));
#587=LINE('',#586,#585);
#588=DIRECTION('',(1.E0,0.E0,0.E0));
#589=VECTOR('',#588,6.985E-1);
#590=CARTESIAN_POINT('',(7.27075E0,1.27E-1,-8.128E0));
#591=LINE('',#590,#589);
#592=DIRECTION('',(0.E0,-1.E0,0.E0));
#593=VECTOR('',#592,2.54E-1);
#594=CARTESIAN_POINT('',(7.96925E0,1.27E-1,-8.128E0));
#595=LINE('',#594,#593);
#596=DIRECTION('',(1.E0,0.E0,0.E0));
#597=VECTOR('',#596,6.985E-1);
#598=CARTESIAN_POINT('',(7.27075E0,-1.27E-1,-8.128E0));
#599=LINE('',#598,#597);
#600=DIRECTION('',(5.E-1,0.E0,-8.660254037844E-1));
#601=VECTOR('',#600,5.865878734967E-1);
#602=CARTESIAN_POINT('',(5.802706063252E0,-1.27E0,-8.128E0));
#603=LINE('',#602,#601);
#604=DIRECTION('',(1.E0,0.E0,0.E0));
#605=VECTOR('',#604,5.08E-1);
#606=CARTESIAN_POINT('',(6.096E0,-1.27E0,-8.636E0));
#607=LINE('',#606,#605);
#608=DIRECTION('',(5.E-1,0.E0,8.660254037844E-1));
#609=VECTOR('',#608,5.865878734967E-1);
#610=CARTESIAN_POINT('',(6.604E0,-1.27E0,-8.636E0));
#611=LINE('',#610,#609);
#612=DIRECTION('',(5.E-1,0.E0,8.660254037844E-1));
#613=VECTOR('',#612,5.865878734967E-1);
#614=CARTESIAN_POINT('',(6.604E0,-1.778E0,-8.636E0));
#615=LINE('',#614,#613);
#616=DIRECTION('',(1.E0,0.E0,0.E0));
#617=VECTOR('',#616,5.08E-1);
#618=CARTESIAN_POINT('',(6.096E0,-1.778E0,-8.636E0));
#619=LINE('',#618,#617);
#620=DIRECTION('',(5.E-1,0.E0,-8.660254037844E-1));
#621=VECTOR('',#620,5.865878734967E-1);
#622=CARTESIAN_POINT('',(5.802706063252E0,-1.778E0,-8.128E0));
#623=LINE('',#622,#621);
#624=DIRECTION('',(5.E-1,0.E0,8.660254037844E-1));
#625=VECTOR('',#624,5.865878734967E-1);
#626=CARTESIAN_POINT('',(4.064E0,-1.778E0,-8.636E0));
#627=LINE('',#626,#625);
#628=DIRECTION('',(1.E0,0.E0,0.E0));
#629=VECTOR('',#628,5.08E-1);
#630=CARTESIAN_POINT('',(3.556E0,-1.778E0,-8.636E0));
#631=LINE('',#630,#629);
#632=DIRECTION('',(5.E-1,0.E0,-8.660254037844E-1));
#633=VECTOR('',#632,5.865878734967E-1);
#634=CARTESIAN_POINT('',(3.262706063252E0,-1.778E0,-8.128E0));
#635=LINE('',#634,#633);
#636=DIRECTION('',(5.E-1,0.E0,8.660254037844E-1));
#637=VECTOR('',#636,5.865878734967E-1);
#638=CARTESIAN_POINT('',(1.524E0,-1.778E0,-8.636E0));
#639=LINE('',#638,#637);
#640=DIRECTION('',(1.E0,0.E0,0.E0));
#641=VECTOR('',#640,5.08E-1);
#642=CARTESIAN_POINT('',(1.016E0,-1.778E0,-8.636E0));
#643=LINE('',#642,#641);
#644=DIRECTION('',(5.E-1,0.E0,-8.660254037844E-1));
#645=VECTOR('',#644,5.865878734967E-1);
#646=CARTESIAN_POINT('',(7.227060632517E-1,-1.778E0,-8.128E0));
#647=LINE('',#646,#645);
#648=DIRECTION('',(5.E-1,0.E0,8.660254037844E-1));
#649=VECTOR('',#648,5.865878734967E-1);
#650=CARTESIAN_POINT('',(-1.016E0,-1.778E0,-8.636E0));
#651=LINE('',#650,#649);
#652=DIRECTION('',(1.E0,0.E0,0.E0));
#653=VECTOR('',#652,5.08E-1);
#654=CARTESIAN_POINT('',(-1.524E0,-1.778E0,-8.636E0));
#655=LINE('',#654,#653);
#656=DIRECTION('',(5.E-1,0.E0,-8.660254037844E-1));
#657=VECTOR('',#656,5.865878734967E-1);
#658=CARTESIAN_POINT('',(-1.817293936748E0,-1.778E0,-8.128E0));
#659=LINE('',#658,#657);
#660=DIRECTION('',(5.E-1,0.E0,8.660254037844E-1));
#661=VECTOR('',#660,5.865878734967E-1);
#662=CARTESIAN_POINT('',(-3.556E0,-1.778E0,-8.636E0));
#663=LINE('',#662,#661);
#664=DIRECTION('',(1.E0,0.E0,0.E0));
#665=VECTOR('',#664,5.08E-1);
#666=CARTESIAN_POINT('',(-4.064E0,-1.778E0,-8.636E0));
#667=LINE('',#666,#665);
#668=DIRECTION('',(5.E-1,0.E0,-8.660254037844E-1));
#669=VECTOR('',#668,5.865878734967E-1);
#670=CARTESIAN_POINT('',(-4.357293936748E0,-1.778E0,-8.128E0));
#671=LINE('',#670,#669);
#672=DIRECTION('',(5.E-1,0.E0,8.660254037844E-1));
#673=VECTOR('',#672,5.865878734967E-1);
#674=CARTESIAN_POINT('',(-6.096E0,-1.778E0,-8.636E0));
#675=LINE('',#674,#673);
#676=DIRECTION('',(1.E0,0.E0,0.E0));
#677=VECTOR('',#676,5.08E-1);
#678=CARTESIAN_POINT('',(-6.604E0,-1.778E0,-8.636E0));
#679=LINE('',#678,#677);
#680=DIRECTION('',(5.E-1,0.E0,-8.660254037844E-1));
#681=VECTOR('',#680,5.865878734967E-1);
#682=CARTESIAN_POINT('',(-6.897293936748E0,-1.778E0,-8.128E0));
#683=LINE('',#682,#681);
#684=DIRECTION('',(0.E0,0.E0,-1.E0));
#685=VECTOR('',#684,8.128E0);
#686=CARTESIAN_POINT('',(8.89E0,-1.778E0,0.E0));
#687=LINE('',#686,#685);
#688=DIRECTION('',(0.E0,1.E0,0.E0));
#689=VECTOR('',#688,5.08E-1);
#690=CARTESIAN_POINT('',(6.604E0,-1.778E0,-8.636E0));
#691=LINE('',#690,#689);
#692=DIRECTION('',(0.E0,1.E0,0.E0));
#693=VECTOR('',#692,5.08E-1);
#694=CARTESIAN_POINT('',(6.096E0,-1.778E0,-8.636E0));
#695=LINE('',#694,#693);
#696=DIRECTION('',(0.E0,1.E0,0.E0));
#697=VECTOR('',#696,5.08E-1);
#698=CARTESIAN_POINT('',(4.064E0,-1.778E0,-8.636E0));
#699=LINE('',#698,#697);
#700=DIRECTION('',(5.E-1,0.E0,-8.660254037844E-1));
#701=VECTOR('',#700,5.865878734967E-1);
#702=CARTESIAN_POINT('',(3.262706063252E0,-1.27E0,-8.128E0));
#703=LINE('',#702,#701);
#704=DIRECTION('',(1.E0,0.E0,0.E0));
#705=VECTOR('',#704,5.08E-1);
#706=CARTESIAN_POINT('',(3.556E0,-1.27E0,-8.636E0));
#707=LINE('',#706,#705);
#708=DIRECTION('',(5.E-1,0.E0,8.660254037844E-1));
#709=VECTOR('',#708,5.865878734967E-1);
#710=CARTESIAN_POINT('',(4.064E0,-1.27E0,-8.636E0));
#711=LINE('',#710,#709);
#712=DIRECTION('',(0.E0,1.E0,0.E0));
#713=VECTOR('',#712,5.08E-1);
#714=CARTESIAN_POINT('',(3.556E0,-1.778E0,-8.636E0));
#715=LINE('',#714,#713);
#716=DIRECTION('',(0.E0,1.E0,0.E0));
#717=VECTOR('',#716,5.08E-1);
#718=CARTESIAN_POINT('',(1.524E0,-1.778E0,-8.636E0));
#719=LINE('',#718,#717);
#720=DIRECTION('',(5.E-1,0.E0,-8.660254037844E-1));
#721=VECTOR('',#720,5.865878734967E-1);
#722=CARTESIAN_POINT('',(7.227060632517E-1,-1.27E0,-8.128E0));
#723=LINE('',#722,#721);
#724=DIRECTION('',(1.E0,0.E0,0.E0));
#725=VECTOR('',#724,5.08E-1);
#726=CARTESIAN_POINT('',(1.016E0,-1.27E0,-8.636E0));
#727=LINE('',#726,#725);
#728=DIRECTION('',(5.E-1,0.E0,8.660254037844E-1));
#729=VECTOR('',#728,5.865878734967E-1);
#730=CARTESIAN_POINT('',(1.524E0,-1.27E0,-8.636E0));
#731=LINE('',#730,#729);
#732=DIRECTION('',(0.E0,1.E0,0.E0));
#733=VECTOR('',#732,5.08E-1);
#734=CARTESIAN_POINT('',(1.016E0,-1.778E0,-8.636E0));
#735=LINE('',#734,#733);
#736=DIRECTION('',(0.E0,1.E0,0.E0));
#737=VECTOR('',#736,5.08E-1);
#738=CARTESIAN_POINT('',(-1.016E0,-1.778E0,-8.636E0));
#739=LINE('',#738,#737);
#740=DIRECTION('',(5.E-1,0.E0,-8.660254037844E-1));
#741=VECTOR('',#740,5.865878734967E-1);
#742=CARTESIAN_POINT('',(-1.817293936748E0,-1.27E0,-8.128E0));
#743=LINE('',#742,#741);
#744=DIRECTION('',(1.E0,0.E0,0.E0));
#745=VECTOR('',#744,5.08E-1);
#746=CARTESIAN_POINT('',(-1.524E0,-1.27E0,-8.636E0));
#747=LINE('',#746,#745);
#748=DIRECTION('',(5.E-1,0.E0,8.660254037844E-1));
#749=VECTOR('',#748,5.865878734967E-1);
#750=CARTESIAN_POINT('',(-1.016E0,-1.27E0,-8.636E0));
#751=LINE('',#750,#749);
#752=DIRECTION('',(0.E0,1.E0,0.E0));
#753=VECTOR('',#752,5.08E-1);
#754=CARTESIAN_POINT('',(-1.524E0,-1.778E0,-8.636E0));
#755=LINE('',#754,#753);
#756=DIRECTION('',(0.E0,1.E0,0.E0));
#757=VECTOR('',#756,5.08E-1);
#758=CARTESIAN_POINT('',(-3.556E0,-1.778E0,-8.636E0));
#759=LINE('',#758,#757);
#760=DIRECTION('',(5.E-1,0.E0,-8.660254037844E-1));
#761=VECTOR('',#760,5.865878734967E-1);
#762=CARTESIAN_POINT('',(-4.357293936748E0,-1.27E0,-8.128E0));
#763=LINE('',#762,#761);
#764=DIRECTION('',(1.E0,0.E0,0.E0));
#765=VECTOR('',#764,5.08E-1);
#766=CARTESIAN_POINT('',(-4.064E0,-1.27E0,-8.636E0));
#767=LINE('',#766,#765);
#768=DIRECTION('',(5.E-1,0.E0,8.660254037844E-1));
#769=VECTOR('',#768,5.865878734967E-1);
#770=CARTESIAN_POINT('',(-3.556E0,-1.27E0,-8.636E0));
#771=LINE('',#770,#769);
#772=DIRECTION('',(0.E0,1.E0,0.E0));
#773=VECTOR('',#772,5.08E-1);
#774=CARTESIAN_POINT('',(-4.064E0,-1.778E0,-8.636E0));
#775=LINE('',#774,#773);
#776=DIRECTION('',(0.E0,-1.E0,0.E0));
#777=VECTOR('',#776,5.08E-1);
#778=CARTESIAN_POINT('',(-6.096E0,-1.27E0,-8.636E0));
#779=LINE('',#778,#777);
#780=DIRECTION('',(5.E-1,0.E0,-8.660254037844E-1));
#781=VECTOR('',#780,5.865878734967E-1);
#782=CARTESIAN_POINT('',(-6.897293936748E0,-1.27E0,-8.128E0));
#783=LINE('',#782,#781);
#784=DIRECTION('',(-1.E0,0.E0,0.E0));
#785=VECTOR('',#784,5.08E-1);
#786=CARTESIAN_POINT('',(-6.096E0,-1.27E0,-8.636E0));
#787=LINE('',#786,#785);
#788=DIRECTION('',(5.E-1,0.E0,8.660254037844E-1));
#789=VECTOR('',#788,5.865878734967E-1);
#790=CARTESIAN_POINT('',(-6.096E0,-1.27E0,-8.636E0));
#791=LINE('',#790,#789);
#792=DIRECTION('',(0.E0,-1.E0,0.E0));
#793=VECTOR('',#792,5.08E-1);
#794=CARTESIAN_POINT('',(-6.604E0,-1.27E0,-8.636E0));
#795=LINE('',#794,#793);
#796=DIRECTION('',(0.E0,0.E0,-1.E0));
#797=VECTOR('',#796,8.128E0);
#798=CARTESIAN_POINT('',(-8.89E0,-1.778E0,0.E0));
#799=LINE('',#798,#797);
#800=DIRECTION('',(0.E0,-1.E0,0.E0));
#801=VECTOR('',#800,5.08E-1);
#802=CARTESIAN_POINT('',(6.604E0,1.778E0,-8.636E0));
#803=LINE('',#802,#801);
#804=DIRECTION('',(0.E0,-1.E0,0.E0));
#805=VECTOR('',#804,5.08E-1);
#806=CARTESIAN_POINT('',(6.096E0,1.778E0,-8.636E0));
#807=LINE('',#806,#805);
#808=DIRECTION('',(5.E-1,0.E0,8.660254037844E-1));
#809=VECTOR('',#808,5.865878734967E-1);
#810=CARTESIAN_POINT('',(6.604E0,1.27E0,-8.636E0));
#811=LINE('',#810,#809);
#812=DIRECTION('',(1.E0,0.E0,0.E0));
#813=VECTOR('',#812,5.08E-1);
#814=CARTESIAN_POINT('',(6.096E0,1.27E0,-8.636E0));
#815=LINE('',#814,#813);
#816=DIRECTION('',(5.E-1,0.E0,-8.660254037844E-1));
#817=VECTOR('',#816,5.865878734967E-1);
#818=CARTESIAN_POINT('',(5.802706063252E0,1.27E0,-8.128E0));
#819=LINE('',#818,#817);
#820=DIRECTION('',(0.E0,-1.E0,0.E0));
#821=VECTOR('',#820,5.08E-1);
#822=CARTESIAN_POINT('',(4.064E0,1.778E0,-8.636E0));
#823=LINE('',#822,#821);
#824=DIRECTION('',(0.E0,-1.E0,0.E0));
#825=VECTOR('',#824,5.08E-1);
#826=CARTESIAN_POINT('',(3.556E0,1.778E0,-8.636E0));
#827=LINE('',#826,#825);
#828=DIRECTION('',(5.E-1,0.E0,8.660254037844E-1));
#829=VECTOR('',#828,5.865878734967E-1);
#830=CARTESIAN_POINT('',(4.064E0,1.27E0,-8.636E0));
#831=LINE('',#830,#829);
#832=DIRECTION('',(1.E0,0.E0,0.E0));
#833=VECTOR('',#832,5.08E-1);
#834=CARTESIAN_POINT('',(3.556E0,1.27E0,-8.636E0));
#835=LINE('',#834,#833);
#836=DIRECTION('',(5.E-1,0.E0,-8.660254037844E-1));
#837=VECTOR('',#836,5.865878734967E-1);
#838=CARTESIAN_POINT('',(3.262706063252E0,1.27E0,-8.128E0));
#839=LINE('',#838,#837);
#840=DIRECTION('',(0.E0,-1.E0,0.E0));
#841=VECTOR('',#840,5.08E-1);
#842=CARTESIAN_POINT('',(1.524E0,1.778E0,-8.636E0));
#843=LINE('',#842,#841);
#844=DIRECTION('',(0.E0,-1.E0,0.E0));
#845=VECTOR('',#844,5.08E-1);
#846=CARTESIAN_POINT('',(1.016E0,1.778E0,-8.636E0));
#847=LINE('',#846,#845);
#848=DIRECTION('',(5.E-1,0.E0,8.660254037844E-1));
#849=VECTOR('',#848,5.865878734967E-1);
#850=CARTESIAN_POINT('',(1.524E0,1.27E0,-8.636E0));
#851=LINE('',#850,#849);
#852=DIRECTION('',(1.E0,0.E0,0.E0));
#853=VECTOR('',#852,5.08E-1);
#854=CARTESIAN_POINT('',(1.016E0,1.27E0,-8.636E0));
#855=LINE('',#854,#853);
#856=DIRECTION('',(5.E-1,0.E0,-8.660254037844E-1));
#857=VECTOR('',#856,5.865878734967E-1);
#858=CARTESIAN_POINT('',(7.227060632517E-1,1.27E0,-8.128E0));
#859=LINE('',#858,#857);
#860=DIRECTION('',(0.E0,-1.E0,0.E0));
#861=VECTOR('',#860,5.08E-1);
#862=CARTESIAN_POINT('',(-1.016E0,1.778E0,-8.636E0));
#863=LINE('',#862,#861);
#864=DIRECTION('',(0.E0,-1.E0,0.E0));
#865=VECTOR('',#864,5.08E-1);
#866=CARTESIAN_POINT('',(-1.524E0,1.778E0,-8.636E0));
#867=LINE('',#866,#865);
#868=DIRECTION('',(5.E-1,0.E0,8.660254037844E-1));
#869=VECTOR('',#868,5.865878734967E-1);
#870=CARTESIAN_POINT('',(-1.016E0,1.27E0,-8.636E0));
#871=LINE('',#870,#869);
#872=DIRECTION('',(1.E0,0.E0,0.E0));
#873=VECTOR('',#872,5.08E-1);
#874=CARTESIAN_POINT('',(-1.524E0,1.27E0,-8.636E0));
#875=LINE('',#874,#873);
#876=DIRECTION('',(5.E-1,0.E0,-8.660254037844E-1));
#877=VECTOR('',#876,5.865878734967E-1);
#878=CARTESIAN_POINT('',(-1.817293936748E0,1.27E0,-8.128E0));
#879=LINE('',#878,#877);
#880=DIRECTION('',(0.E0,-1.E0,0.E0));
#881=VECTOR('',#880,5.08E-1);
#882=CARTESIAN_POINT('',(-3.556E0,1.778E0,-8.636E0));
#883=LINE('',#882,#881);
#884=DIRECTION('',(0.E0,-1.E0,0.E0));
#885=VECTOR('',#884,5.08E-1);
#886=CARTESIAN_POINT('',(-4.064E0,1.778E0,-8.636E0));
#887=LINE('',#886,#885);
#888=DIRECTION('',(5.E-1,0.E0,8.660254037844E-1));
#889=VECTOR('',#888,5.865878734967E-1);
#890=CARTESIAN_POINT('',(-3.556E0,1.27E0,-8.636E0));
#891=LINE('',#890,#889);
#892=DIRECTION('',(1.E0,0.E0,0.E0));
#893=VECTOR('',#892,5.08E-1);
#894=CARTESIAN_POINT('',(-4.064E0,1.27E0,-8.636E0));
#895=LINE('',#894,#893);
#896=DIRECTION('',(5.E-1,0.E0,-8.660254037844E-1));
#897=VECTOR('',#896,5.865878734967E-1);
#898=CARTESIAN_POINT('',(-4.357293936748E0,1.27E0,-8.128E0));
#899=LINE('',#898,#897);
#900=DIRECTION('',(0.E0,-1.E0,0.E0));
#901=VECTOR('',#900,5.08E-1);
#902=CARTESIAN_POINT('',(-6.096E0,1.778E0,-8.636E0));
#903=LINE('',#902,#901);
#904=DIRECTION('',(0.E0,-1.E0,0.E0));
#905=VECTOR('',#904,5.08E-1);
#906=CARTESIAN_POINT('',(-6.604E0,1.778E0,-8.636E0));
#907=LINE('',#906,#905);
#908=DIRECTION('',(5.E-1,0.E0,8.660254037844E-1));
#909=VECTOR('',#908,5.865878734967E-1);
#910=CARTESIAN_POINT('',(-6.096E0,1.27E0,-8.636E0));
#911=LINE('',#910,#909);
#912=DIRECTION('',(1.E0,0.E0,0.E0));
#913=VECTOR('',#912,5.08E-1);
#914=CARTESIAN_POINT('',(-6.604E0,1.27E0,-8.636E0));
#915=LINE('',#914,#913);
#916=DIRECTION('',(5.E-1,0.E0,-8.660254037844E-1));
#917=VECTOR('',#916,5.865878734967E-1);
#918=CARTESIAN_POINT('',(-6.897293936748E0,1.27E0,-8.128E0));
#919=LINE('',#918,#917);
#920=DIRECTION('',(0.E0,0.E0,-1.E0));
#921=VECTOR('',#920,3.429E0);
#922=CARTESIAN_POINT('',(-7.96925E0,-1.27E-1,-8.128E0));
#923=LINE('',#922,#921);
#924=DIRECTION('',(0.E0,1.E0,0.E0));
#925=VECTOR('',#924,2.54E-1);
#926=CARTESIAN_POINT('',(-7.96925E0,-1.27E-1,-1.1557E1));
#927=LINE('',#926,#925);
#928=DIRECTION('',(0.E0,0.E0,1.E0));
#929=VECTOR('',#928,3.429E0);
#930=CARTESIAN_POINT('',(-7.96925E0,1.27E-1,-1.1557E1));
#931=LINE('',#930,#929);
#932=DIRECTION('',(0.E0,0.E0,-1.E0));
#933=VECTOR('',#932,3.429E0);
#934=CARTESIAN_POINT('',(-7.27075E0,-1.27E-1,-8.128E0));
#935=LINE('',#934,#933);
#936=DIRECTION('',(0.E0,0.E0,1.E0));
#937=VECTOR('',#936,3.429E0);
#938=CARTESIAN_POINT('',(-7.27075E0,1.27E-1,-1.1557E1));
#939=LINE('',#938,#937);
#940=DIRECTION('',(0.E0,1.E0,0.E0));
#941=VECTOR('',#940,2.54E-1);
#942=CARTESIAN_POINT('',(-7.27075E0,-1.27E-1,-1.1557E1));
#943=LINE('',#942,#941);
#944=DIRECTION('',(1.E0,0.E0,0.E0));
#945=VECTOR('',#944,6.985E-1);
#946=CARTESIAN_POINT('',(-7.96925E0,1.27E-1,-1.1557E1));
#947=LINE('',#946,#945);
#948=DIRECTION('',(1.E0,0.E0,0.E0));
#949=VECTOR('',#948,6.985E-1);
#950=CARTESIAN_POINT('',(-7.96925E0,-1.27E-1,-1.1557E1));
#951=LINE('',#950,#949);
#952=DIRECTION('',(0.E0,0.E0,-1.E0));
#953=VECTOR('',#952,3.429E0);
#954=CARTESIAN_POINT('',(-5.42925E0,-1.27E-1,-8.128E0));
#955=LINE('',#954,#953);
#956=DIRECTION('',(0.E0,1.E0,0.E0));
#957=VECTOR('',#956,2.54E-1);
#958=CARTESIAN_POINT('',(-5.42925E0,-1.27E-1,-1.1557E1));
#959=LINE('',#958,#957);
#960=DIRECTION('',(0.E0,0.E0,1.E0));
#961=VECTOR('',#960,3.429E0);
#962=CARTESIAN_POINT('',(-5.42925E0,1.27E-1,-1.1557E1));
#963=LINE('',#962,#961);
#964=DIRECTION('',(0.E0,0.E0,1.E0));
#965=VECTOR('',#964,3.429E0);
#966=CARTESIAN_POINT('',(-4.73075E0,1.27E-1,-1.1557E1));
#967=LINE('',#966,#965);
#968=DIRECTION('',(0.E0,1.E0,0.E0));
#969=VECTOR('',#968,2.54E-1);
#970=CARTESIAN_POINT('',(-4.73075E0,-1.27E-1,-1.1557E1));
#971=LINE('',#970,#969);
#972=DIRECTION('',(0.E0,0.E0,-1.E0));
#973=VECTOR('',#972,3.429E0);
#974=CARTESIAN_POINT('',(-4.73075E0,-1.27E-1,-8.128E0));
#975=LINE('',#974,#973);
#976=DIRECTION('',(1.E0,0.E0,0.E0));
#977=VECTOR('',#976,6.985E-1);
#978=CARTESIAN_POINT('',(-5.42925E0,1.27E-1,-1.1557E1));
#979=LINE('',#978,#977);
#980=DIRECTION('',(1.E0,0.E0,0.E0));
#981=VECTOR('',#980,6.985E-1);
#982=CARTESIAN_POINT('',(-5.42925E0,-1.27E-1,-1.1557E1));
#983=LINE('',#982,#981);
#984=DIRECTION('',(0.E0,0.E0,-1.E0));
#985=VECTOR('',#984,3.429E0);
#986=CARTESIAN_POINT('',(-2.88925E0,-1.27E-1,-8.128E0));
#987=LINE('',#986,#985);
#988=DIRECTION('',(0.E0,1.E0,0.E0));
#989=VECTOR('',#988,2.54E-1);
#990=CARTESIAN_POINT('',(-2.88925E0,-1.27E-1,-1.1557E1));
#991=LINE('',#990,#989);
#992=DIRECTION('',(0.E0,0.E0,1.E0));
#993=VECTOR('',#992,3.429E0);
#994=CARTESIAN_POINT('',(-2.88925E0,1.27E-1,-1.1557E1));
#995=LINE('',#994,#993);
#996=DIRECTION('',(0.E0,0.E0,1.E0));
#997=VECTOR('',#996,3.429E0);
#998=CARTESIAN_POINT('',(-2.19075E0,1.27E-1,-1.1557E1));
#999=LINE('',#998,#997);
#1000=DIRECTION('',(0.E0,1.E0,0.E0));
#1001=VECTOR('',#1000,2.54E-1);
#1002=CARTESIAN_POINT('',(-2.19075E0,-1.27E-1,-1.1557E1));
#1003=LINE('',#1002,#1001);
#1004=DIRECTION('',(0.E0,0.E0,-1.E0));
#1005=VECTOR('',#1004,3.429E0);
#1006=CARTESIAN_POINT('',(-2.19075E0,-1.27E-1,-8.128E0));
#1007=LINE('',#1006,#1005);
#1008=DIRECTION('',(1.E0,0.E0,0.E0));
#1009=VECTOR('',#1008,6.985E-1);
#1010=CARTESIAN_POINT('',(-2.88925E0,1.27E-1,-1.1557E1));
#1011=LINE('',#1010,#1009);
#1012=DIRECTION('',(1.E0,0.E0,0.E0));
#1013=VECTOR('',#1012,6.985E-1);
#1014=CARTESIAN_POINT('',(-2.88925E0,-1.27E-1,-1.1557E1));
#1015=LINE('',#1014,#1013);
#1016=DIRECTION('',(0.E0,0.E0,-1.E0));
#1017=VECTOR('',#1016,3.429E0);
#1018=CARTESIAN_POINT('',(-3.4925E-1,-1.27E-1,-8.128E0));
#1019=LINE('',#1018,#1017);
#1020=DIRECTION('',(0.E0,1.E0,0.E0));
#1021=VECTOR('',#1020,2.54E-1);
#1022=CARTESIAN_POINT('',(-3.4925E-1,-1.27E-1,-1.1557E1));
#1023=LINE('',#1022,#1021);
#1024=DIRECTION('',(0.E0,0.E0,1.E0));
#1025=VECTOR('',#1024,3.429E0);
#1026=CARTESIAN_POINT('',(-3.4925E-1,1.27E-1,-1.1557E1));
#1027=LINE('',#1026,#1025);
#1028=DIRECTION('',(0.E0,0.E0,1.E0));
#1029=VECTOR('',#1028,3.429E0);
#1030=CARTESIAN_POINT('',(3.4925E-1,1.27E-1,-1.1557E1));
#1031=LINE('',#1030,#1029);
#1032=DIRECTION('',(0.E0,1.E0,0.E0));
#1033=VECTOR('',#1032,2.54E-1);
#1034=CARTESIAN_POINT('',(3.4925E-1,-1.27E-1,-1.1557E1));
#1035=LINE('',#1034,#1033);
#1036=DIRECTION('',(0.E0,0.E0,-1.E0));
#1037=VECTOR('',#1036,3.429E0);
#1038=CARTESIAN_POINT('',(3.4925E-1,-1.27E-1,-8.128E0));
#1039=LINE('',#1038,#1037);
#1040=DIRECTION('',(1.E0,0.E0,0.E0));
#1041=VECTOR('',#1040,6.985E-1);
#1042=CARTESIAN_POINT('',(-3.4925E-1,1.27E-1,-1.1557E1));
#1043=LINE('',#1042,#1041);
#1044=DIRECTION('',(1.E0,0.E0,0.E0));
#1045=VECTOR('',#1044,6.985E-1);
#1046=CARTESIAN_POINT('',(-3.4925E-1,-1.27E-1,-1.1557E1));
#1047=LINE('',#1046,#1045);
#1048=DIRECTION('',(0.E0,0.E0,-1.E0));
#1049=VECTOR('',#1048,3.429E0);
#1050=CARTESIAN_POINT('',(2.19075E0,-1.27E-1,-8.128E0));
#1051=LINE('',#1050,#1049);
#1052=DIRECTION('',(0.E0,1.E0,0.E0));
#1053=VECTOR('',#1052,2.54E-1);
#1054=CARTESIAN_POINT('',(2.19075E0,-1.27E-1,-1.1557E1));
#1055=LINE('',#1054,#1053);
#1056=DIRECTION('',(0.E0,0.E0,1.E0));
#1057=VECTOR('',#1056,3.429E0);
#1058=CARTESIAN_POINT('',(2.19075E0,1.27E-1,-1.1557E1));
#1059=LINE('',#1058,#1057);
#1060=DIRECTION('',(0.E0,0.E0,1.E0));
#1061=VECTOR('',#1060,3.429E0);
#1062=CARTESIAN_POINT('',(2.88925E0,1.27E-1,-1.1557E1));
#1063=LINE('',#1062,#1061);
#1064=DIRECTION('',(0.E0,1.E0,0.E0));
#1065=VECTOR('',#1064,2.54E-1);
#1066=CARTESIAN_POINT('',(2.88925E0,-1.27E-1,-1.1557E1));
#1067=LINE('',#1066,#1065);
#1068=DIRECTION('',(0.E0,0.E0,-1.E0));
#1069=VECTOR('',#1068,3.429E0);
#1070=CARTESIAN_POINT('',(2.88925E0,-1.27E-1,-8.128E0));
#1071=LINE('',#1070,#1069);
#1072=DIRECTION('',(1.E0,0.E0,0.E0));
#1073=VECTOR('',#1072,6.985E-1);
#1074=CARTESIAN_POINT('',(2.19075E0,1.27E-1,-1.1557E1));
#1075=LINE('',#1074,#1073);
#1076=DIRECTION('',(1.E0,0.E0,0.E0));
#1077=VECTOR('',#1076,6.985E-1);
#1078=CARTESIAN_POINT('',(2.19075E0,-1.27E-1,-1.1557E1));
#1079=LINE('',#1078,#1077);
#1080=DIRECTION('',(0.E0,0.E0,-1.E0));
#1081=VECTOR('',#1080,3.429E0);
#1082=CARTESIAN_POINT('',(4.73075E0,-1.27E-1,-8.128E0));
#1083=LINE('',#1082,#1081);
#1084=DIRECTION('',(0.E0,1.E0,0.E0));
#1085=VECTOR('',#1084,2.54E-1);
#1086=CARTESIAN_POINT('',(4.73075E0,-1.27E-1,-1.1557E1));
#1087=LINE('',#1086,#1085);
#1088=DIRECTION('',(0.E0,0.E0,1.E0));
#1089=VECTOR('',#1088,3.429E0);
#1090=CARTESIAN_POINT('',(4.73075E0,1.27E-1,-1.1557E1));
#1091=LINE('',#1090,#1089);
#1092=DIRECTION('',(0.E0,0.E0,1.E0));
#1093=VECTOR('',#1092,3.429E0);
#1094=CARTESIAN_POINT('',(5.42925E0,1.27E-1,-1.1557E1));
#1095=LINE('',#1094,#1093);
#1096=DIRECTION('',(0.E0,1.E0,0.E0));
#1097=VECTOR('',#1096,2.54E-1);
#1098=CARTESIAN_POINT('',(5.42925E0,-1.27E-1,-1.1557E1));
#1099=LINE('',#1098,#1097);
#1100=DIRECTION('',(0.E0,0.E0,-1.E0));
#1101=VECTOR('',#1100,3.429E0);
#1102=CARTESIAN_POINT('',(5.42925E0,-1.27E-1,-8.128E0));
#1103=LINE('',#1102,#1101);
#1104=DIRECTION('',(1.E0,0.E0,0.E0));
#1105=VECTOR('',#1104,6.985E-1);
#1106=CARTESIAN_POINT('',(4.73075E0,1.27E-1,-1.1557E1));
#1107=LINE('',#1106,#1105);
#1108=DIRECTION('',(1.E0,0.E0,0.E0));
#1109=VECTOR('',#1108,6.985E-1);
#1110=CARTESIAN_POINT('',(4.73075E0,-1.27E-1,-1.1557E1));
#1111=LINE('',#1110,#1109);
#1112=DIRECTION('',(0.E0,0.E0,-1.E0));
#1113=VECTOR('',#1112,3.429E0);
#1114=CARTESIAN_POINT('',(7.27075E0,-1.27E-1,-8.128E0));
#1115=LINE('',#1114,#1113);
#1116=DIRECTION('',(0.E0,1.E0,0.E0));
#1117=VECTOR('',#1116,2.54E-1);
#1118=CARTESIAN_POINT('',(7.27075E0,-1.27E-1,-1.1557E1));
#1119=LINE('',#1118,#1117);
#1120=DIRECTION('',(0.E0,0.E0,1.E0));
#1121=VECTOR('',#1120,3.429E0);
#1122=CARTESIAN_POINT('',(7.27075E0,1.27E-1,-1.1557E1));
#1123=LINE('',#1122,#1121);
#1124=DIRECTION('',(0.E0,0.E0,1.E0));
#1125=VECTOR('',#1124,3.429E0);
#1126=CARTESIAN_POINT('',(7.96925E0,1.27E-1,-1.1557E1));
#1127=LINE('',#1126,#1125);
#1128=DIRECTION('',(0.E0,1.E0,0.E0));
#1129=VECTOR('',#1128,2.54E-1);
#1130=CARTESIAN_POINT('',(7.96925E0,-1.27E-1,-1.1557E1));
#1131=LINE('',#1130,#1129);
#1132=DIRECTION('',(0.E0,0.E0,-1.E0));
#1133=VECTOR('',#1132,3.429E0);
#1134=CARTESIAN_POINT('',(7.96925E0,-1.27E-1,-8.128E0));
#1135=LINE('',#1134,#1133);
#1136=DIRECTION('',(1.E0,0.E0,0.E0));
#1137=VECTOR('',#1136,6.985E-1);
#1138=CARTESIAN_POINT('',(7.27075E0,1.27E-1,-1.1557E1));
#1139=LINE('',#1138,#1137);
#1140=DIRECTION('',(1.E0,0.E0,0.E0));
#1141=VECTOR('',#1140,6.985E-1);
#1142=CARTESIAN_POINT('',(7.27075E0,-1.27E-1,-1.1557E1));
#1143=LINE('',#1142,#1141);
#1144=DIRECTION('',(1.E0,0.E0,0.E0));
#1145=VECTOR('',#1144,1.1684E0);
#1146=CARTESIAN_POINT('',(-8.2042E0,4.572E-1,-6.35E-1));
#1147=LINE('',#1146,#1145);
#1148=DIRECTION('',(-5.773502691896E-1,5.773502691896E-1,5.773502691896E-1));
#1149=VECTOR('',#1148,1.099852262806E0);
#1150=CARTESIAN_POINT('',(-8.2042E0,4.572E-1,-6.35E-1));
#1151=LINE('',#1150,#1149);
#1152=DIRECTION('',(0.E0,1.E0,0.E0));
#1153=VECTOR('',#1152,9.144E-1);
#1154=CARTESIAN_POINT('',(-8.2042E0,-4.572E-1,-6.35E-1));
#1155=LINE('',#1154,#1153);
#1156=DIRECTION('',(-5.773502691896E-1,-5.773502691896E-1,5.773502691896E-1));
#1157=VECTOR('',#1156,1.099852262806E0);
#1158=CARTESIAN_POINT('',(-8.2042E0,-4.572E-1,-6.35E-1));
#1159=LINE('',#1158,#1157);
#1160=DIRECTION('',(-1.600350312078E-14,0.E0,1.E0));
#1161=VECTOR('',#1160,1.10998E-1);
#1162=CARTESIAN_POINT('',(-8.2042E0,-4.572E-1,-7.45998E-1));
#1163=LINE('',#1162,#1161);
#1164=DIRECTION('',(-1.600350312078E-14,0.E0,1.E0));
#1165=VECTOR('',#1164,1.10998E-1);
#1166=CARTESIAN_POINT('',(-8.2042E0,4.572E-1,-7.45998E-1));
#1167=LINE('',#1166,#1165);
#1168=DIRECTION('',(0.E0,1.E0,0.E0));
#1169=VECTOR('',#1168,9.144E-1);
#1170=CARTESIAN_POINT('',(-8.2042E0,-4.572E-1,-7.45998E-1));
#1171=LINE('',#1170,#1169);
#1172=DIRECTION('',(0.E0,0.E0,1.E0));
#1173=VECTOR('',#1172,1.10998E-1);
#1174=CARTESIAN_POINT('',(-7.0358E0,-4.572E-1,-7.45998E-1));
#1175=LINE('',#1174,#1173);
#1176=DIRECTION('',(-1.E0,0.E0,0.E0));
#1177=VECTOR('',#1176,1.1684E0);
#1178=CARTESIAN_POINT('',(-7.0358E0,-4.572E-1,-7.45998E-1));
#1179=LINE('',#1178,#1177);
#1180=DIRECTION('',(0.E0,0.E0,1.E0));
#1181=VECTOR('',#1180,1.10998E-1);
#1182=CARTESIAN_POINT('',(-7.0358E0,4.572E-1,-7.45998E-1));
#1183=LINE('',#1182,#1181);
#1184=DIRECTION('',(0.E0,-1.E0,0.E0));
#1185=VECTOR('',#1184,9.144E-1);
#1186=CARTESIAN_POINT('',(-7.0358E0,4.572E-1,-7.45998E-1));
#1187=LINE('',#1186,#1185);
#1188=DIRECTION('',(1.E0,0.E0,0.E0));
#1189=VECTOR('',#1188,1.1684E0);
#1190=CARTESIAN_POINT('',(-8.2042E0,4.572E-1,-7.45998E-1));
#1191=LINE('',#1190,#1189);
#1192=DIRECTION('',(1.E0,0.E0,0.E0));
#1193=VECTOR('',#1192,1.8796E0);
#1194=CARTESIAN_POINT('',(-8.5598E0,8.128E-1,-7.45998E-1));
#1195=LINE('',#1194,#1193);
#1196=DIRECTION('',(0.E0,1.E0,0.E0));
#1197=VECTOR('',#1196,1.6256E0);
#1198=CARTESIAN_POINT('',(-8.5598E0,-8.128E-1,-7.45998E-1));
#1199=LINE('',#1198,#1197);
#1200=DIRECTION('',(-1.E0,0.E0,0.E0));
#1201=VECTOR('',#1200,1.8796E0);
#1202=CARTESIAN_POINT('',(-6.6802E0,-8.128E-1,-7.45998E-1));
#1203=LINE('',#1202,#1201);
#1204=DIRECTION('',(0.E0,-1.E0,0.E0));
#1205=VECTOR('',#1204,1.6256E0);
#1206=CARTESIAN_POINT('',(-6.6802E0,8.128E-1,-7.45998E-1));
#1207=LINE('',#1206,#1205);
#1208=DIRECTION('',(1.E0,0.E0,0.E0));
#1209=VECTOR('',#1208,1.8796E0);
#1210=CARTESIAN_POINT('',(-8.5598E0,8.128E-1,-9.99998E-1));
#1211=LINE('',#1210,#1209);
#1212=DIRECTION('',(0.E0,0.E0,1.E0));
#1213=VECTOR('',#1212,2.54E-1);
#1214=CARTESIAN_POINT('',(-8.5598E0,-8.128E-1,-9.99998E-1));
#1215=LINE('',#1214,#1213);
#1216=DIRECTION('',(0.E0,0.E0,1.E0));
#1217=VECTOR('',#1216,2.54E-1);
#1218=CARTESIAN_POINT('',(-8.5598E0,8.128E-1,-9.99998E-1));
#1219=LINE('',#1218,#1217);
#1220=DIRECTION('',(0.E0,1.E0,0.E0));
#1221=VECTOR('',#1220,1.6256E0);
#1222=CARTESIAN_POINT('',(-8.5598E0,-8.128E-1,-9.99998E-1));
#1223=LINE('',#1222,#1221);
#1224=DIRECTION('',(0.E0,0.E0,1.E0));
#1225=VECTOR('',#1224,2.54E-1);
#1226=CARTESIAN_POINT('',(-6.6802E0,-8.128E-1,-9.99998E-1));
#1227=LINE('',#1226,#1225);
#1228=DIRECTION('',(-1.E0,0.E0,0.E0));
#1229=VECTOR('',#1228,1.8796E0);
#1230=CARTESIAN_POINT('',(-6.6802E0,-8.128E-1,-9.99998E-1));
#1231=LINE('',#1230,#1229);
#1232=DIRECTION('',(0.E0,0.E0,1.E0));
#1233=VECTOR('',#1232,2.54E-1);
#1234=CARTESIAN_POINT('',(-6.6802E0,8.128E-1,-9.99998E-1));
#1235=LINE('',#1234,#1233);
#1236=DIRECTION('',(0.E0,-1.E0,0.E0));
#1237=VECTOR('',#1236,1.6256E0);
#1238=CARTESIAN_POINT('',(-6.6802E0,8.128E-1,-9.99998E-1));
#1239=LINE('',#1238,#1237);
#1240=DIRECTION('',(0.E0,-1.E0,0.E0));
#1241=VECTOR('',#1240,9.144E-1);
#1242=CARTESIAN_POINT('',(-7.0358E0,4.572E-1,-6.35E-1));
#1243=LINE('',#1242,#1241);
#1244=DIRECTION('',(5.773502691896E-1,5.773502691896E-1,5.773502691896E-1));
#1245=VECTOR('',#1244,1.099852262806E0);
#1246=CARTESIAN_POINT('',(-7.0358E0,4.572E-1,-6.35E-1));
#1247=LINE('',#1246,#1245);
#1248=DIRECTION('',(-1.E0,0.E0,0.E0));
#1249=VECTOR('',#1248,1.1684E0);
#1250=CARTESIAN_POINT('',(-7.0358E0,-4.572E-1,-6.35E-1));
#1251=LINE('',#1250,#1249);
#1252=DIRECTION('',(5.773502691896E-1,-5.773502691896E-1,5.773502691896E-1));
#1253=VECTOR('',#1252,1.099852262806E0);
#1254=CARTESIAN_POINT('',(-7.0358E0,-4.572E-1,-6.35E-1));
#1255=LINE('',#1254,#1253);
#1256=DIRECTION('',(1.E0,0.E0,0.E0));
#1257=VECTOR('',#1256,1.1684E0);
#1258=CARTESIAN_POINT('',(-5.6642E0,4.572E-1,-6.35E-1));
#1259=LINE('',#1258,#1257);
#1260=DIRECTION('',(0.E0,-1.E0,0.E0));
#1261=VECTOR('',#1260,9.144E-1);
#1262=CARTESIAN_POINT('',(-4.4958E0,4.572E-1,-6.35E-1));
#1263=LINE('',#1262,#1261);
#1264=DIRECTION('',(5.773502691896E-1,5.773502691896E-1,5.773502691896E-1));
#1265=VECTOR('',#1264,1.099852262806E0);
#1266=CARTESIAN_POINT('',(-4.4958E0,4.572E-1,-6.35E-1));
#1267=LINE('',#1266,#1265);
#1268=DIRECTION('',(-1.E0,0.E0,0.E0));
#1269=VECTOR('',#1268,1.1684E0);
#1270=CARTESIAN_POINT('',(-4.4958E0,-4.572E-1,-6.35E-1));
#1271=LINE('',#1270,#1269);
#1272=DIRECTION('',(5.773502691896E-1,-5.773502691896E-1,5.773502691896E-1));
#1273=VECTOR('',#1272,1.099852262806E0);
#1274=CARTESIAN_POINT('',(-4.4958E0,-4.572E-1,-6.35E-1));
#1275=LINE('',#1274,#1273);
#1276=DIRECTION('',(-5.773502691896E-1,5.773502691896E-1,5.773502691896E-1));
#1277=VECTOR('',#1276,1.099852262806E0);
#1278=CARTESIAN_POINT('',(-5.6642E0,4.572E-1,-6.35E-1));
#1279=LINE('',#1278,#1277);
#1280=DIRECTION('',(0.E0,1.E0,0.E0));
#1281=VECTOR('',#1280,9.144E-1);
#1282=CARTESIAN_POINT('',(-5.6642E0,-4.572E-1,-6.35E-1));
#1283=LINE('',#1282,#1281);
#1284=DIRECTION('',(-5.773502691896E-1,-5.773502691896E-1,5.773502691896E-1));
#1285=VECTOR('',#1284,1.099852262806E0);
#1286=CARTESIAN_POINT('',(-5.6642E0,-4.572E-1,-6.35E-1));
#1287=LINE('',#1286,#1285);
#1288=DIRECTION('',(0.E0,0.E0,1.E0));
#1289=VECTOR('',#1288,1.10998E-1);
#1290=CARTESIAN_POINT('',(-5.6642E0,-4.572E-1,-7.45998E-1));
#1291=LINE('',#1290,#1289);
#1292=DIRECTION('',(0.E0,0.E0,1.E0));
#1293=VECTOR('',#1292,1.10998E-1);
#1294=CARTESIAN_POINT('',(-5.6642E0,4.572E-1,-7.45998E-1));
#1295=LINE('',#1294,#1293);
#1296=DIRECTION('',(0.E0,1.E0,0.E0));
#1297=VECTOR('',#1296,9.144E-1);
#1298=CARTESIAN_POINT('',(-5.6642E0,-4.572E-1,-7.45998E-1));
#1299=LINE('',#1298,#1297);
#1300=DIRECTION('',(0.E0,0.E0,1.E0));
#1301=VECTOR('',#1300,1.10998E-1);
#1302=CARTESIAN_POINT('',(-4.4958E0,-4.572E-1,-7.45998E-1));
#1303=LINE('',#1302,#1301);
#1304=DIRECTION('',(-1.E0,0.E0,0.E0));
#1305=VECTOR('',#1304,1.1684E0);
#1306=CARTESIAN_POINT('',(-4.4958E0,-4.572E-1,-7.45998E-1));
#1307=LINE('',#1306,#1305);
#1308=DIRECTION('',(0.E0,0.E0,1.E0));
#1309=VECTOR('',#1308,1.10998E-1);
#1310=CARTESIAN_POINT('',(-4.4958E0,4.572E-1,-7.45998E-1));
#1311=LINE('',#1310,#1309);
#1312=DIRECTION('',(0.E0,-1.E0,0.E0));
#1313=VECTOR('',#1312,9.144E-1);
#1314=CARTESIAN_POINT('',(-4.4958E0,4.572E-1,-7.45998E-1));
#1315=LINE('',#1314,#1313);
#1316=DIRECTION('',(1.E0,0.E0,0.E0));
#1317=VECTOR('',#1316,1.1684E0);
#1318=CARTESIAN_POINT('',(-5.6642E0,4.572E-1,-7.45998E-1));
#1319=LINE('',#1318,#1317);
#1320=DIRECTION('',(1.E0,0.E0,0.E0));
#1321=VECTOR('',#1320,1.8796E0);
#1322=CARTESIAN_POINT('',(-6.0198E0,8.128E-1,-7.45998E-1));
#1323=LINE('',#1322,#1321);
#1324=DIRECTION('',(0.E0,1.E0,0.E0));
#1325=VECTOR('',#1324,1.6256E0);
#1326=CARTESIAN_POINT('',(-6.0198E0,-8.128E-1,-7.45998E-1));
#1327=LINE('',#1326,#1325);
#1328=DIRECTION('',(-1.E0,0.E0,0.E0));
#1329=VECTOR('',#1328,1.8796E0);
#1330=CARTESIAN_POINT('',(-4.1402E0,-8.128E-1,-7.45998E-1));
#1331=LINE('',#1330,#1329);
#1332=DIRECTION('',(0.E0,-1.E0,0.E0));
#1333=VECTOR('',#1332,1.6256E0);
#1334=CARTESIAN_POINT('',(-4.1402E0,8.128E-1,-7.45998E-1));
#1335=LINE('',#1334,#1333);
#1336=DIRECTION('',(1.E0,0.E0,0.E0));
#1337=VECTOR('',#1336,1.8796E0);
#1338=CARTESIAN_POINT('',(-6.0198E0,8.128E-1,-9.99998E-1));
#1339=LINE('',#1338,#1337);
#1340=DIRECTION('',(0.E0,0.E0,1.E0));
#1341=VECTOR('',#1340,2.54E-1);
#1342=CARTESIAN_POINT('',(-6.0198E0,-8.128E-1,-9.99998E-1));
#1343=LINE('',#1342,#1341);
#1344=DIRECTION('',(0.E0,0.E0,1.E0));
#1345=VECTOR('',#1344,2.54E-1);
#1346=CARTESIAN_POINT('',(-6.0198E0,8.128E-1,-9.99998E-1));
#1347=LINE('',#1346,#1345);
#1348=DIRECTION('',(0.E0,1.E0,0.E0));
#1349=VECTOR('',#1348,1.6256E0);
#1350=CARTESIAN_POINT('',(-6.0198E0,-8.128E-1,-9.99998E-1));
#1351=LINE('',#1350,#1349);
#1352=DIRECTION('',(0.E0,0.E0,1.E0));
#1353=VECTOR('',#1352,2.54E-1);
#1354=CARTESIAN_POINT('',(-4.1402E0,-8.128E-1,-9.99998E-1));
#1355=LINE('',#1354,#1353);
#1356=DIRECTION('',(-1.E0,0.E0,0.E0));
#1357=VECTOR('',#1356,1.8796E0);
#1358=CARTESIAN_POINT('',(-4.1402E0,-8.128E-1,-9.99998E-1));
#1359=LINE('',#1358,#1357);
#1360=DIRECTION('',(0.E0,0.E0,1.E0));
#1361=VECTOR('',#1360,2.54E-1);
#1362=CARTESIAN_POINT('',(-4.1402E0,8.128E-1,-9.99998E-1));
#1363=LINE('',#1362,#1361);
#1364=DIRECTION('',(0.E0,-1.E0,0.E0));
#1365=VECTOR('',#1364,1.6256E0);
#1366=CARTESIAN_POINT('',(-4.1402E0,8.128E-1,-9.99998E-1));
#1367=LINE('',#1366,#1365);
#1368=DIRECTION('',(1.E0,0.E0,0.E0));
#1369=VECTOR('',#1368,1.1684E0);
#1370=CARTESIAN_POINT('',(-3.1242E0,4.572E-1,-6.35E-1));
#1371=LINE('',#1370,#1369);
#1372=DIRECTION('',(0.E0,-1.E0,0.E0));
#1373=VECTOR('',#1372,9.144E-1);
#1374=CARTESIAN_POINT('',(-1.9558E0,4.572E-1,-6.35E-1));
#1375=LINE('',#1374,#1373);
#1376=DIRECTION('',(5.773502691896E-1,5.773502691896E-1,5.773502691896E-1));
#1377=VECTOR('',#1376,1.099852262806E0);
#1378=CARTESIAN_POINT('',(-1.9558E0,4.572E-1,-6.35E-1));
#1379=LINE('',#1378,#1377);
#1380=DIRECTION('',(-1.E0,0.E0,0.E0));
#1381=VECTOR('',#1380,1.1684E0);
#1382=CARTESIAN_POINT('',(-1.9558E0,-4.572E-1,-6.35E-1));
#1383=LINE('',#1382,#1381);
#1384=DIRECTION('',(5.773502691896E-1,-5.773502691896E-1,5.773502691896E-1));
#1385=VECTOR('',#1384,1.099852262806E0);
#1386=CARTESIAN_POINT('',(-1.9558E0,-4.572E-1,-6.35E-1));
#1387=LINE('',#1386,#1385);
#1388=DIRECTION('',(-5.773502691896E-1,5.773502691896E-1,5.773502691896E-1));
#1389=VECTOR('',#1388,1.099852262806E0);
#1390=CARTESIAN_POINT('',(-3.1242E0,4.572E-1,-6.35E-1));
#1391=LINE('',#1390,#1389);
#1392=DIRECTION('',(0.E0,1.E0,0.E0));
#1393=VECTOR('',#1392,9.144E-1);
#1394=CARTESIAN_POINT('',(-3.1242E0,-4.572E-1,-6.35E-1));
#1395=LINE('',#1394,#1393);
#1396=DIRECTION('',(-5.773502691896E-1,-5.773502691896E-1,5.773502691896E-1));
#1397=VECTOR('',#1396,1.099852262806E0);
#1398=CARTESIAN_POINT('',(-3.1242E0,-4.572E-1,-6.35E-1));
#1399=LINE('',#1398,#1397);
#1400=DIRECTION('',(0.E0,0.E0,1.E0));
#1401=VECTOR('',#1400,1.10998E-1);
#1402=CARTESIAN_POINT('',(-3.1242E0,-4.572E-1,-7.45998E-1));
#1403=LINE('',#1402,#1401);
#1404=DIRECTION('',(0.E0,0.E0,1.E0));
#1405=VECTOR('',#1404,1.10998E-1);
#1406=CARTESIAN_POINT('',(-3.1242E0,4.572E-1,-7.45998E-1));
#1407=LINE('',#1406,#1405);
#1408=DIRECTION('',(0.E0,1.E0,0.E0));
#1409=VECTOR('',#1408,9.144E-1);
#1410=CARTESIAN_POINT('',(-3.1242E0,-4.572E-1,-7.45998E-1));
#1411=LINE('',#1410,#1409);
#1412=DIRECTION('',(0.E0,0.E0,1.E0));
#1413=VECTOR('',#1412,1.10998E-1);
#1414=CARTESIAN_POINT('',(-1.9558E0,-4.572E-1,-7.45998E-1));
#1415=LINE('',#1414,#1413);
#1416=DIRECTION('',(-1.E0,0.E0,0.E0));
#1417=VECTOR('',#1416,1.1684E0);
#1418=CARTESIAN_POINT('',(-1.9558E0,-4.572E-1,-7.45998E-1));
#1419=LINE('',#1418,#1417);
#1420=DIRECTION('',(0.E0,0.E0,1.E0));
#1421=VECTOR('',#1420,1.10998E-1);
#1422=CARTESIAN_POINT('',(-1.9558E0,4.572E-1,-7.45998E-1));
#1423=LINE('',#1422,#1421);
#1424=DIRECTION('',(0.E0,-1.E0,0.E0));
#1425=VECTOR('',#1424,9.144E-1);
#1426=CARTESIAN_POINT('',(-1.9558E0,4.572E-1,-7.45998E-1));
#1427=LINE('',#1426,#1425);
#1428=DIRECTION('',(1.E0,0.E0,0.E0));
#1429=VECTOR('',#1428,1.1684E0);
#1430=CARTESIAN_POINT('',(-3.1242E0,4.572E-1,-7.45998E-1));
#1431=LINE('',#1430,#1429);
#1432=DIRECTION('',(1.E0,0.E0,0.E0));
#1433=VECTOR('',#1432,1.8796E0);
#1434=CARTESIAN_POINT('',(-3.4798E0,8.128E-1,-7.45998E-1));
#1435=LINE('',#1434,#1433);
#1436=DIRECTION('',(0.E0,1.E0,0.E0));
#1437=VECTOR('',#1436,1.6256E0);
#1438=CARTESIAN_POINT('',(-3.4798E0,-8.128E-1,-7.45998E-1));
#1439=LINE('',#1438,#1437);
#1440=DIRECTION('',(-1.E0,0.E0,0.E0));
#1441=VECTOR('',#1440,1.8796E0);
#1442=CARTESIAN_POINT('',(-1.6002E0,-8.128E-1,-7.45998E-1));
#1443=LINE('',#1442,#1441);
#1444=DIRECTION('',(0.E0,-1.E0,0.E0));
#1445=VECTOR('',#1444,1.6256E0);
#1446=CARTESIAN_POINT('',(-1.6002E0,8.128E-1,-7.45998E-1));
#1447=LINE('',#1446,#1445);
#1448=DIRECTION('',(1.E0,0.E0,0.E0));
#1449=VECTOR('',#1448,1.8796E0);
#1450=CARTESIAN_POINT('',(-3.4798E0,8.128E-1,-9.99998E-1));
#1451=LINE('',#1450,#1449);
#1452=DIRECTION('',(0.E0,0.E0,1.E0));
#1453=VECTOR('',#1452,2.54E-1);
#1454=CARTESIAN_POINT('',(-3.4798E0,-8.128E-1,-9.99998E-1));
#1455=LINE('',#1454,#1453);
#1456=DIRECTION('',(0.E0,0.E0,1.E0));
#1457=VECTOR('',#1456,2.54E-1);
#1458=CARTESIAN_POINT('',(-3.4798E0,8.128E-1,-9.99998E-1));
#1459=LINE('',#1458,#1457);
#1460=DIRECTION('',(0.E0,1.E0,0.E0));
#1461=VECTOR('',#1460,1.6256E0);
#1462=CARTESIAN_POINT('',(-3.4798E0,-8.128E-1,-9.99998E-1));
#1463=LINE('',#1462,#1461);
#1464=DIRECTION('',(0.E0,0.E0,1.E0));
#1465=VECTOR('',#1464,2.54E-1);
#1466=CARTESIAN_POINT('',(-1.6002E0,-8.128E-1,-9.99998E-1));
#1467=LINE('',#1466,#1465);
#1468=DIRECTION('',(-1.E0,0.E0,0.E0));
#1469=VECTOR('',#1468,1.8796E0);
#1470=CARTESIAN_POINT('',(-1.6002E0,-8.128E-1,-9.99998E-1));
#1471=LINE('',#1470,#1469);
#1472=DIRECTION('',(0.E0,0.E0,1.E0));
#1473=VECTOR('',#1472,2.54E-1);
#1474=CARTESIAN_POINT('',(-1.6002E0,8.128E-1,-9.99998E-1));
#1475=LINE('',#1474,#1473);
#1476=DIRECTION('',(0.E0,-1.E0,0.E0));
#1477=VECTOR('',#1476,1.6256E0);
#1478=CARTESIAN_POINT('',(-1.6002E0,8.128E-1,-9.99998E-1));
#1479=LINE('',#1478,#1477);
#1480=DIRECTION('',(1.E0,0.E0,0.E0));
#1481=VECTOR('',#1480,1.1684E0);
#1482=CARTESIAN_POINT('',(-5.842E-1,4.572E-1,-6.35E-1));
#1483=LINE('',#1482,#1481);
#1484=DIRECTION('',(0.E0,-1.E0,0.E0));
#1485=VECTOR('',#1484,9.144E-1);
#1486=CARTESIAN_POINT('',(5.842E-1,4.572E-1,-6.35E-1));
#1487=LINE('',#1486,#1485);
#1488=DIRECTION('',(5.773502691896E-1,5.773502691896E-1,5.773502691896E-1));
#1489=VECTOR('',#1488,1.099852262806E0);
#1490=CARTESIAN_POINT('',(5.842E-1,4.572E-1,-6.35E-1));
#1491=LINE('',#1490,#1489);
#1492=DIRECTION('',(-1.E0,0.E0,0.E0));
#1493=VECTOR('',#1492,1.1684E0);
#1494=CARTESIAN_POINT('',(5.842E-1,-4.572E-1,-6.35E-1));
#1495=LINE('',#1494,#1493);
#1496=DIRECTION('',(5.773502691896E-1,-5.773502691896E-1,5.773502691896E-1));
#1497=VECTOR('',#1496,1.099852262806E0);
#1498=CARTESIAN_POINT('',(5.842E-1,-4.572E-1,-6.35E-1));
#1499=LINE('',#1498,#1497);
#1500=DIRECTION('',(-5.773502691896E-1,5.773502691896E-1,5.773502691896E-1));
#1501=VECTOR('',#1500,1.099852262806E0);
#1502=CARTESIAN_POINT('',(-5.842E-1,4.572E-1,-6.35E-1));
#1503=LINE('',#1502,#1501);
#1504=DIRECTION('',(0.E0,1.E0,0.E0));
#1505=VECTOR('',#1504,9.144E-1);
#1506=CARTESIAN_POINT('',(-5.842E-1,-4.572E-1,-6.35E-1));
#1507=LINE('',#1506,#1505);
#1508=DIRECTION('',(-5.773502691896E-1,-5.773502691896E-1,5.773502691896E-1));
#1509=VECTOR('',#1508,1.099852262806E0);
#1510=CARTESIAN_POINT('',(-5.842E-1,-4.572E-1,-6.35E-1));
#1511=LINE('',#1510,#1509);
#1512=DIRECTION('',(0.E0,0.E0,1.E0));
#1513=VECTOR('',#1512,1.10998E-1);
#1514=CARTESIAN_POINT('',(-5.842E-1,-4.572E-1,-7.45998E-1));
#1515=LINE('',#1514,#1513);
#1516=DIRECTION('',(0.E0,0.E0,1.E0));
#1517=VECTOR('',#1516,1.10998E-1);
#1518=CARTESIAN_POINT('',(-5.842E-1,4.572E-1,-7.45998E-1));
#1519=LINE('',#1518,#1517);
#1520=DIRECTION('',(0.E0,1.E0,0.E0));
#1521=VECTOR('',#1520,9.144E-1);
#1522=CARTESIAN_POINT('',(-5.842E-1,-4.572E-1,-7.45998E-1));
#1523=LINE('',#1522,#1521);
#1524=DIRECTION('',(0.E0,0.E0,1.E0));
#1525=VECTOR('',#1524,1.10998E-1);
#1526=CARTESIAN_POINT('',(5.842E-1,-4.572E-1,-7.45998E-1));
#1527=LINE('',#1526,#1525);
#1528=DIRECTION('',(-1.E0,0.E0,0.E0));
#1529=VECTOR('',#1528,1.1684E0);
#1530=CARTESIAN_POINT('',(5.842E-1,-4.572E-1,-7.45998E-1));
#1531=LINE('',#1530,#1529);
#1532=DIRECTION('',(0.E0,0.E0,1.E0));
#1533=VECTOR('',#1532,1.10998E-1);
#1534=CARTESIAN_POINT('',(5.842E-1,4.572E-1,-7.45998E-1));
#1535=LINE('',#1534,#1533);
#1536=DIRECTION('',(0.E0,-1.E0,0.E0));
#1537=VECTOR('',#1536,9.144E-1);
#1538=CARTESIAN_POINT('',(5.842E-1,4.572E-1,-7.45998E-1));
#1539=LINE('',#1538,#1537);
#1540=DIRECTION('',(1.E0,0.E0,0.E0));
#1541=VECTOR('',#1540,1.1684E0);
#1542=CARTESIAN_POINT('',(-5.842E-1,4.572E-1,-7.45998E-1));
#1543=LINE('',#1542,#1541);
#1544=DIRECTION('',(1.E0,0.E0,0.E0));
#1545=VECTOR('',#1544,1.8796E0);
#1546=CARTESIAN_POINT('',(-9.398E-1,8.128E-1,-7.45998E-1));
#1547=LINE('',#1546,#1545);
#1548=DIRECTION('',(0.E0,1.E0,0.E0));
#1549=VECTOR('',#1548,1.6256E0);
#1550=CARTESIAN_POINT('',(-9.398E-1,-8.128E-1,-7.45998E-1));
#1551=LINE('',#1550,#1549);
#1552=DIRECTION('',(-1.E0,0.E0,0.E0));
#1553=VECTOR('',#1552,1.8796E0);
#1554=CARTESIAN_POINT('',(9.398E-1,-8.128E-1,-7.45998E-1));
#1555=LINE('',#1554,#1553);
#1556=DIRECTION('',(0.E0,-1.E0,0.E0));
#1557=VECTOR('',#1556,1.6256E0);
#1558=CARTESIAN_POINT('',(9.398E-1,8.128E-1,-7.45998E-1));
#1559=LINE('',#1558,#1557);
#1560=DIRECTION('',(1.E0,0.E0,0.E0));
#1561=VECTOR('',#1560,1.8796E0);
#1562=CARTESIAN_POINT('',(-9.398E-1,8.128E-1,-9.99998E-1));
#1563=LINE('',#1562,#1561);
#1564=DIRECTION('',(0.E0,0.E0,1.E0));
#1565=VECTOR('',#1564,2.54E-1);
#1566=CARTESIAN_POINT('',(-9.398E-1,-8.128E-1,-9.99998E-1));
#1567=LINE('',#1566,#1565);
#1568=DIRECTION('',(0.E0,0.E0,1.E0));
#1569=VECTOR('',#1568,2.54E-1);
#1570=CARTESIAN_POINT('',(-9.398E-1,8.128E-1,-9.99998E-1));
#1571=LINE('',#1570,#1569);
#1572=DIRECTION('',(0.E0,1.E0,0.E0));
#1573=VECTOR('',#1572,1.6256E0);
#1574=CARTESIAN_POINT('',(-9.398E-1,-8.128E-1,-9.99998E-1));
#1575=LINE('',#1574,#1573);
#1576=DIRECTION('',(0.E0,0.E0,1.E0));
#1577=VECTOR('',#1576,2.54E-1);
#1578=CARTESIAN_POINT('',(9.398E-1,-8.128E-1,-9.99998E-1));
#1579=LINE('',#1578,#1577);
#1580=DIRECTION('',(-1.E0,0.E0,0.E0));
#1581=VECTOR('',#1580,1.8796E0);
#1582=CARTESIAN_POINT('',(9.398E-1,-8.128E-1,-9.99998E-1));
#1583=LINE('',#1582,#1581);
#1584=DIRECTION('',(0.E0,0.E0,1.E0));
#1585=VECTOR('',#1584,2.54E-1);
#1586=CARTESIAN_POINT('',(9.398E-1,8.128E-1,-9.99998E-1));
#1587=LINE('',#1586,#1585);
#1588=DIRECTION('',(0.E0,-1.E0,0.E0));
#1589=VECTOR('',#1588,1.6256E0);
#1590=CARTESIAN_POINT('',(9.398E-1,8.128E-1,-9.99998E-1));
#1591=LINE('',#1590,#1589);
#1592=DIRECTION('',(1.E0,0.E0,0.E0));
#1593=VECTOR('',#1592,1.1684E0);
#1594=CARTESIAN_POINT('',(1.9558E0,4.572E-1,-6.35E-1));
#1595=LINE('',#1594,#1593);
#1596=DIRECTION('',(0.E0,-1.E0,0.E0));
#1597=VECTOR('',#1596,9.144E-1);
#1598=CARTESIAN_POINT('',(3.1242E0,4.572E-1,-6.35E-1));
#1599=LINE('',#1598,#1597);
#1600=DIRECTION('',(5.773502691896E-1,5.773502691896E-1,5.773502691896E-1));
#1601=VECTOR('',#1600,1.099852262806E0);
#1602=CARTESIAN_POINT('',(3.1242E0,4.572E-1,-6.35E-1));
#1603=LINE('',#1602,#1601);
#1604=DIRECTION('',(-1.E0,0.E0,0.E0));
#1605=VECTOR('',#1604,1.1684E0);
#1606=CARTESIAN_POINT('',(3.1242E0,-4.572E-1,-6.35E-1));
#1607=LINE('',#1606,#1605);
#1608=DIRECTION('',(5.773502691896E-1,-5.773502691896E-1,5.773502691896E-1));
#1609=VECTOR('',#1608,1.099852262806E0);
#1610=CARTESIAN_POINT('',(3.1242E0,-4.572E-1,-6.35E-1));
#1611=LINE('',#1610,#1609);
#1612=DIRECTION('',(-5.773502691896E-1,5.773502691896E-1,5.773502691896E-1));
#1613=VECTOR('',#1612,1.099852262806E0);
#1614=CARTESIAN_POINT('',(1.9558E0,4.572E-1,-6.35E-1));
#1615=LINE('',#1614,#1613);
#1616=DIRECTION('',(0.E0,1.E0,0.E0));
#1617=VECTOR('',#1616,9.144E-1);
#1618=CARTESIAN_POINT('',(1.9558E0,-4.572E-1,-6.35E-1));
#1619=LINE('',#1618,#1617);
#1620=DIRECTION('',(-5.773502691896E-1,-5.773502691896E-1,5.773502691896E-1));
#1621=VECTOR('',#1620,1.099852262806E0);
#1622=CARTESIAN_POINT('',(1.9558E0,-4.572E-1,-6.35E-1));
#1623=LINE('',#1622,#1621);
#1624=DIRECTION('',(0.E0,0.E0,1.E0));
#1625=VECTOR('',#1624,1.10998E-1);
#1626=CARTESIAN_POINT('',(1.9558E0,-4.572E-1,-7.45998E-1));
#1627=LINE('',#1626,#1625);
#1628=DIRECTION('',(0.E0,0.E0,1.E0));
#1629=VECTOR('',#1628,1.10998E-1);
#1630=CARTESIAN_POINT('',(1.9558E0,4.572E-1,-7.45998E-1));
#1631=LINE('',#1630,#1629);
#1632=DIRECTION('',(0.E0,1.E0,0.E0));
#1633=VECTOR('',#1632,9.144E-1);
#1634=CARTESIAN_POINT('',(1.9558E0,-4.572E-1,-7.45998E-1));
#1635=LINE('',#1634,#1633);
#1636=DIRECTION('',(0.E0,0.E0,1.E0));
#1637=VECTOR('',#1636,1.10998E-1);
#1638=CARTESIAN_POINT('',(3.1242E0,-4.572E-1,-7.45998E-1));
#1639=LINE('',#1638,#1637);
#1640=DIRECTION('',(-1.E0,0.E0,0.E0));
#1641=VECTOR('',#1640,1.1684E0);
#1642=CARTESIAN_POINT('',(3.1242E0,-4.572E-1,-7.45998E-1));
#1643=LINE('',#1642,#1641);
#1644=DIRECTION('',(0.E0,0.E0,1.E0));
#1645=VECTOR('',#1644,1.10998E-1);
#1646=CARTESIAN_POINT('',(3.1242E0,4.572E-1,-7.45998E-1));
#1647=LINE('',#1646,#1645);
#1648=DIRECTION('',(0.E0,-1.E0,0.E0));
#1649=VECTOR('',#1648,9.144E-1);
#1650=CARTESIAN_POINT('',(3.1242E0,4.572E-1,-7.45998E-1));
#1651=LINE('',#1650,#1649);
#1652=DIRECTION('',(1.E0,0.E0,0.E0));
#1653=VECTOR('',#1652,1.1684E0);
#1654=CARTESIAN_POINT('',(1.9558E0,4.572E-1,-7.45998E-1));
#1655=LINE('',#1654,#1653);
#1656=DIRECTION('',(1.E0,0.E0,0.E0));
#1657=VECTOR('',#1656,1.8796E0);
#1658=CARTESIAN_POINT('',(1.6002E0,8.128E-1,-7.45998E-1));
#1659=LINE('',#1658,#1657);
#1660=DIRECTION('',(0.E0,1.E0,0.E0));
#1661=VECTOR('',#1660,1.6256E0);
#1662=CARTESIAN_POINT('',(1.6002E0,-8.128E-1,-7.45998E-1));
#1663=LINE('',#1662,#1661);
#1664=DIRECTION('',(-1.E0,0.E0,0.E0));
#1665=VECTOR('',#1664,1.8796E0);
#1666=CARTESIAN_POINT('',(3.4798E0,-8.128E-1,-7.45998E-1));
#1667=LINE('',#1666,#1665);
#1668=DIRECTION('',(0.E0,-1.E0,0.E0));
#1669=VECTOR('',#1668,1.6256E0);
#1670=CARTESIAN_POINT('',(3.4798E0,8.128E-1,-7.45998E-1));
#1671=LINE('',#1670,#1669);
#1672=DIRECTION('',(1.E0,0.E0,0.E0));
#1673=VECTOR('',#1672,1.8796E0);
#1674=CARTESIAN_POINT('',(1.6002E0,8.128E-1,-9.99998E-1));
#1675=LINE('',#1674,#1673);
#1676=DIRECTION('',(0.E0,0.E0,1.E0));
#1677=VECTOR('',#1676,2.54E-1);
#1678=CARTESIAN_POINT('',(1.6002E0,-8.128E-1,-9.99998E-1));
#1679=LINE('',#1678,#1677);
#1680=DIRECTION('',(0.E0,0.E0,1.E0));
#1681=VECTOR('',#1680,2.54E-1);
#1682=CARTESIAN_POINT('',(1.6002E0,8.128E-1,-9.99998E-1));
#1683=LINE('',#1682,#1681);
#1684=DIRECTION('',(0.E0,1.E0,0.E0));
#1685=VECTOR('',#1684,1.6256E0);
#1686=CARTESIAN_POINT('',(1.6002E0,-8.128E-1,-9.99998E-1));
#1687=LINE('',#1686,#1685);
#1688=DIRECTION('',(0.E0,0.E0,1.E0));
#1689=VECTOR('',#1688,2.54E-1);
#1690=CARTESIAN_POINT('',(3.4798E0,-8.128E-1,-9.99998E-1));
#1691=LINE('',#1690,#1689);
#1692=DIRECTION('',(-1.E0,0.E0,0.E0));
#1693=VECTOR('',#1692,1.8796E0);
#1694=CARTESIAN_POINT('',(3.4798E0,-8.128E-1,-9.99998E-1));
#1695=LINE('',#1694,#1693);
#1696=DIRECTION('',(0.E0,0.E0,1.E0));
#1697=VECTOR('',#1696,2.54E-1);
#1698=CARTESIAN_POINT('',(3.4798E0,8.128E-1,-9.99998E-1));
#1699=LINE('',#1698,#1697);
#1700=DIRECTION('',(0.E0,-1.E0,0.E0));
#1701=VECTOR('',#1700,1.6256E0);
#1702=CARTESIAN_POINT('',(3.4798E0,8.128E-1,-9.99998E-1));
#1703=LINE('',#1702,#1701);
#1704=DIRECTION('',(1.E0,0.E0,0.E0));
#1705=VECTOR('',#1704,1.1684E0);
#1706=CARTESIAN_POINT('',(4.4958E0,4.572E-1,-6.35E-1));
#1707=LINE('',#1706,#1705);
#1708=DIRECTION('',(0.E0,-1.E0,0.E0));
#1709=VECTOR('',#1708,9.144E-1);
#1710=CARTESIAN_POINT('',(5.6642E0,4.572E-1,-6.35E-1));
#1711=LINE('',#1710,#1709);
#1712=DIRECTION('',(5.773502691896E-1,5.773502691896E-1,5.773502691896E-1));
#1713=VECTOR('',#1712,1.099852262806E0);
#1714=CARTESIAN_POINT('',(5.6642E0,4.572E-1,-6.35E-1));
#1715=LINE('',#1714,#1713);
#1716=DIRECTION('',(-1.E0,0.E0,0.E0));
#1717=VECTOR('',#1716,1.1684E0);
#1718=CARTESIAN_POINT('',(5.6642E0,-4.572E-1,-6.35E-1));
#1719=LINE('',#1718,#1717);
#1720=DIRECTION('',(5.773502691896E-1,-5.773502691896E-1,5.773502691896E-1));
#1721=VECTOR('',#1720,1.099852262806E0);
#1722=CARTESIAN_POINT('',(5.6642E0,-4.572E-1,-6.35E-1));
#1723=LINE('',#1722,#1721);
#1724=DIRECTION('',(-5.773502691896E-1,5.773502691896E-1,5.773502691896E-1));
#1725=VECTOR('',#1724,1.099852262806E0);
#1726=CARTESIAN_POINT('',(4.4958E0,4.572E-1,-6.35E-1));
#1727=LINE('',#1726,#1725);
#1728=DIRECTION('',(0.E0,1.E0,0.E0));
#1729=VECTOR('',#1728,9.144E-1);
#1730=CARTESIAN_POINT('',(4.4958E0,-4.572E-1,-6.35E-1));
#1731=LINE('',#1730,#1729);
#1732=DIRECTION('',(-5.773502691896E-1,-5.773502691896E-1,5.773502691896E-1));
#1733=VECTOR('',#1732,1.099852262806E0);
#1734=CARTESIAN_POINT('',(4.4958E0,-4.572E-1,-6.35E-1));
#1735=LINE('',#1734,#1733);
#1736=DIRECTION('',(0.E0,0.E0,1.E0));
#1737=VECTOR('',#1736,1.10998E-1);
#1738=CARTESIAN_POINT('',(4.4958E0,-4.572E-1,-7.45998E-1));
#1739=LINE('',#1738,#1737);
#1740=DIRECTION('',(0.E0,0.E0,1.E0));
#1741=VECTOR('',#1740,1.10998E-1);
#1742=CARTESIAN_POINT('',(4.4958E0,4.572E-1,-7.45998E-1));
#1743=LINE('',#1742,#1741);
#1744=DIRECTION('',(0.E0,1.E0,0.E0));
#1745=VECTOR('',#1744,9.144E-1);
#1746=CARTESIAN_POINT('',(4.4958E0,-4.572E-1,-7.45998E-1));
#1747=LINE('',#1746,#1745);
#1748=DIRECTION('',(0.E0,0.E0,1.E0));
#1749=VECTOR('',#1748,1.10998E-1);
#1750=CARTESIAN_POINT('',(5.6642E0,-4.572E-1,-7.45998E-1));
#1751=LINE('',#1750,#1749);
#1752=DIRECTION('',(-1.E0,0.E0,0.E0));
#1753=VECTOR('',#1752,1.1684E0);
#1754=CARTESIAN_POINT('',(5.6642E0,-4.572E-1,-7.45998E-1));
#1755=LINE('',#1754,#1753);
#1756=DIRECTION('',(0.E0,0.E0,1.E0));
#1757=VECTOR('',#1756,1.10998E-1);
#1758=CARTESIAN_POINT('',(5.6642E0,4.572E-1,-7.45998E-1));
#1759=LINE('',#1758,#1757);
#1760=DIRECTION('',(0.E0,-1.E0,0.E0));
#1761=VECTOR('',#1760,9.144E-1);
#1762=CARTESIAN_POINT('',(5.6642E0,4.572E-1,-7.45998E-1));
#1763=LINE('',#1762,#1761);
#1764=DIRECTION('',(1.E0,0.E0,0.E0));
#1765=VECTOR('',#1764,1.1684E0);
#1766=CARTESIAN_POINT('',(4.4958E0,4.572E-1,-7.45998E-1));
#1767=LINE('',#1766,#1765);
#1768=DIRECTION('',(1.E0,0.E0,0.E0));
#1769=VECTOR('',#1768,1.8796E0);
#1770=CARTESIAN_POINT('',(4.1402E0,8.128E-1,-7.45998E-1));
#1771=LINE('',#1770,#1769);
#1772=DIRECTION('',(0.E0,1.E0,0.E0));
#1773=VECTOR('',#1772,1.6256E0);
#1774=CARTESIAN_POINT('',(4.1402E0,-8.128E-1,-7.45998E-1));
#1775=LINE('',#1774,#1773);
#1776=DIRECTION('',(-1.E0,0.E0,0.E0));
#1777=VECTOR('',#1776,1.8796E0);
#1778=CARTESIAN_POINT('',(6.0198E0,-8.128E-1,-7.45998E-1));
#1779=LINE('',#1778,#1777);
#1780=DIRECTION('',(0.E0,-1.E0,0.E0));
#1781=VECTOR('',#1780,1.6256E0);
#1782=CARTESIAN_POINT('',(6.0198E0,8.128E-1,-7.45998E-1));
#1783=LINE('',#1782,#1781);
#1784=DIRECTION('',(1.E0,0.E0,0.E0));
#1785=VECTOR('',#1784,1.8796E0);
#1786=CARTESIAN_POINT('',(4.1402E0,8.128E-1,-9.99998E-1));
#1787=LINE('',#1786,#1785);
#1788=DIRECTION('',(0.E0,0.E0,1.E0));
#1789=VECTOR('',#1788,2.54E-1);
#1790=CARTESIAN_POINT('',(4.1402E0,-8.128E-1,-9.99998E-1));
#1791=LINE('',#1790,#1789);
#1792=DIRECTION('',(0.E0,0.E0,1.E0));
#1793=VECTOR('',#1792,2.54E-1);
#1794=CARTESIAN_POINT('',(4.1402E0,8.128E-1,-9.99998E-1));
#1795=LINE('',#1794,#1793);
#1796=DIRECTION('',(0.E0,1.E0,0.E0));
#1797=VECTOR('',#1796,1.6256E0);
#1798=CARTESIAN_POINT('',(4.1402E0,-8.128E-1,-9.99998E-1));
#1799=LINE('',#1798,#1797);
#1800=DIRECTION('',(0.E0,0.E0,1.E0));
#1801=VECTOR('',#1800,2.54E-1);
#1802=CARTESIAN_POINT('',(6.0198E0,-8.128E-1,-9.99998E-1));
#1803=LINE('',#1802,#1801);
#1804=DIRECTION('',(-1.E0,0.E0,0.E0));
#1805=VECTOR('',#1804,1.8796E0);
#1806=CARTESIAN_POINT('',(6.0198E0,-8.128E-1,-9.99998E-1));
#1807=LINE('',#1806,#1805);
#1808=DIRECTION('',(0.E0,0.E0,1.E0));
#1809=VECTOR('',#1808,2.54E-1);
#1810=CARTESIAN_POINT('',(6.0198E0,8.128E-1,-9.99998E-1));
#1811=LINE('',#1810,#1809);
#1812=DIRECTION('',(0.E0,-1.E0,0.E0));
#1813=VECTOR('',#1812,1.6256E0);
#1814=CARTESIAN_POINT('',(6.0198E0,8.128E-1,-9.99998E-1));
#1815=LINE('',#1814,#1813);
#1816=DIRECTION('',(1.E0,0.E0,0.E0));
#1817=VECTOR('',#1816,1.1684E0);
#1818=CARTESIAN_POINT('',(7.0358E0,4.572E-1,-6.35E-1));
#1819=LINE('',#1818,#1817);
#1820=DIRECTION('',(0.E0,-1.E0,0.E0));
#1821=VECTOR('',#1820,9.144E-1);
#1822=CARTESIAN_POINT('',(8.2042E0,4.572E-1,-6.35E-1));
#1823=LINE('',#1822,#1821);
#1824=DIRECTION('',(5.773502691896E-1,5.773502691896E-1,5.773502691896E-1));
#1825=VECTOR('',#1824,1.099852262806E0);
#1826=CARTESIAN_POINT('',(8.2042E0,4.572E-1,-6.35E-1));
#1827=LINE('',#1826,#1825);
#1828=DIRECTION('',(-1.E0,0.E0,0.E0));
#1829=VECTOR('',#1828,1.1684E0);
#1830=CARTESIAN_POINT('',(8.2042E0,-4.572E-1,-6.35E-1));
#1831=LINE('',#1830,#1829);
#1832=DIRECTION('',(5.773502691896E-1,-5.773502691896E-1,5.773502691896E-1));
#1833=VECTOR('',#1832,1.099852262806E0);
#1834=CARTESIAN_POINT('',(8.2042E0,-4.572E-1,-6.35E-1));
#1835=LINE('',#1834,#1833);
#1836=DIRECTION('',(-5.773502691896E-1,5.773502691896E-1,5.773502691896E-1));
#1837=VECTOR('',#1836,1.099852262806E0);
#1838=CARTESIAN_POINT('',(7.0358E0,4.572E-1,-6.35E-1));
#1839=LINE('',#1838,#1837);
#1840=DIRECTION('',(0.E0,1.E0,0.E0));
#1841=VECTOR('',#1840,9.144E-1);
#1842=CARTESIAN_POINT('',(7.0358E0,-4.572E-1,-6.35E-1));
#1843=LINE('',#1842,#1841);
#1844=DIRECTION('',(-5.773502691896E-1,-5.773502691896E-1,5.773502691896E-1));
#1845=VECTOR('',#1844,1.099852262806E0);
#1846=CARTESIAN_POINT('',(7.0358E0,-4.572E-1,-6.35E-1));
#1847=LINE('',#1846,#1845);
#1848=DIRECTION('',(0.E0,0.E0,1.E0));
#1849=VECTOR('',#1848,1.10998E-1);
#1850=CARTESIAN_POINT('',(7.0358E0,-4.572E-1,-7.45998E-1));
#1851=LINE('',#1850,#1849);
#1852=DIRECTION('',(0.E0,0.E0,1.E0));
#1853=VECTOR('',#1852,1.10998E-1);
#1854=CARTESIAN_POINT('',(7.0358E0,4.572E-1,-7.45998E-1));
#1855=LINE('',#1854,#1853);
#1856=DIRECTION('',(0.E0,1.E0,0.E0));
#1857=VECTOR('',#1856,9.144E-1);
#1858=CARTESIAN_POINT('',(7.0358E0,-4.572E-1,-7.45998E-1));
#1859=LINE('',#1858,#1857);
#1860=DIRECTION('',(0.E0,0.E0,1.E0));
#1861=VECTOR('',#1860,1.10998E-1);
#1862=CARTESIAN_POINT('',(8.2042E0,-4.572E-1,-7.45998E-1));
#1863=LINE('',#1862,#1861);
#1864=DIRECTION('',(-1.E0,0.E0,0.E0));
#1865=VECTOR('',#1864,1.1684E0);
#1866=CARTESIAN_POINT('',(8.2042E0,-4.572E-1,-7.45998E-1));
#1867=LINE('',#1866,#1865);
#1868=DIRECTION('',(0.E0,0.E0,1.E0));
#1869=VECTOR('',#1868,1.10998E-1);
#1870=CARTESIAN_POINT('',(8.2042E0,4.572E-1,-7.45998E-1));
#1871=LINE('',#1870,#1869);
#1872=DIRECTION('',(0.E0,-1.E0,0.E0));
#1873=VECTOR('',#1872,9.144E-1);
#1874=CARTESIAN_POINT('',(8.2042E0,4.572E-1,-7.45998E-1));
#1875=LINE('',#1874,#1873);
#1876=DIRECTION('',(1.E0,0.E0,0.E0));
#1877=VECTOR('',#1876,1.1684E0);
#1878=CARTESIAN_POINT('',(7.0358E0,4.572E-1,-7.45998E-1));
#1879=LINE('',#1878,#1877);
#1880=DIRECTION('',(1.E0,0.E0,0.E0));
#1881=VECTOR('',#1880,1.8796E0);
#1882=CARTESIAN_POINT('',(6.6802E0,8.128E-1,-7.45998E-1));
#1883=LINE('',#1882,#1881);
#1884=DIRECTION('',(0.E0,1.E0,0.E0));
#1885=VECTOR('',#1884,1.6256E0);
#1886=CARTESIAN_POINT('',(6.6802E0,-8.128E-1,-7.45998E-1));
#1887=LINE('',#1886,#1885);
#1888=DIRECTION('',(-1.E0,0.E0,0.E0));
#1889=VECTOR('',#1888,1.8796E0);
#1890=CARTESIAN_POINT('',(8.5598E0,-8.128E-1,-7.45998E-1));
#1891=LINE('',#1890,#1889);
#1892=DIRECTION('',(0.E0,-1.E0,0.E0));
#1893=VECTOR('',#1892,1.6256E0);
#1894=CARTESIAN_POINT('',(8.5598E0,8.128E-1,-7.45998E-1));
#1895=LINE('',#1894,#1893);
#1896=DIRECTION('',(1.E0,0.E0,0.E0));
#1897=VECTOR('',#1896,1.8796E0);
#1898=CARTESIAN_POINT('',(6.6802E0,8.128E-1,-9.99998E-1));
#1899=LINE('',#1898,#1897);
#1900=DIRECTION('',(0.E0,0.E0,1.E0));
#1901=VECTOR('',#1900,2.54E-1);
#1902=CARTESIAN_POINT('',(6.6802E0,-8.128E-1,-9.99998E-1));
#1903=LINE('',#1902,#1901);
#1904=DIRECTION('',(0.E0,0.E0,1.E0));
#1905=VECTOR('',#1904,2.54E-1);
#1906=CARTESIAN_POINT('',(6.6802E0,8.128E-1,-9.99998E-1));
#1907=LINE('',#1906,#1905);
#1908=DIRECTION('',(0.E0,1.E0,0.E0));
#1909=VECTOR('',#1908,1.6256E0);
#1910=CARTESIAN_POINT('',(6.6802E0,-8.128E-1,-9.99998E-1));
#1911=LINE('',#1910,#1909);
#1912=DIRECTION('',(0.E0,0.E0,1.E0));
#1913=VECTOR('',#1912,2.54E-1);
#1914=CARTESIAN_POINT('',(8.5598E0,-8.128E-1,-9.99998E-1));
#1915=LINE('',#1914,#1913);
#1916=DIRECTION('',(-1.E0,0.E0,0.E0));
#1917=VECTOR('',#1916,1.8796E0);
#1918=CARTESIAN_POINT('',(8.5598E0,-8.128E-1,-9.99998E-1));
#1919=LINE('',#1918,#1917);
#1920=DIRECTION('',(0.E0,0.E0,1.E0));
#1921=VECTOR('',#1920,2.54E-1);
#1922=CARTESIAN_POINT('',(8.5598E0,8.128E-1,-9.99998E-1));
#1923=LINE('',#1922,#1921);
#1924=DIRECTION('',(0.E0,-1.E0,0.E0));
#1925=VECTOR('',#1924,1.6256E0);
#1926=CARTESIAN_POINT('',(8.5598E0,8.128E-1,-9.99998E-1));
#1927=LINE('',#1926,#1925);
#1928=CARTESIAN_POINT('',(8.89E0,1.778E0,0.E0));
#1929=CARTESIAN_POINT('',(8.89E0,-1.778E0,0.E0));
#1930=VERTEX_POINT('',#1928);
#1931=VERTEX_POINT('',#1929);
#1932=CARTESIAN_POINT('',(-8.89E0,-1.778E0,0.E0));
#1933=VERTEX_POINT('',#1932);
#1934=CARTESIAN_POINT('',(-8.89E0,1.778E0,0.E0));
#1935=VERTEX_POINT('',#1934);
#1936=CARTESIAN_POINT('',(8.89E0,1.778E0,-8.128E0));
#1937=CARTESIAN_POINT('',(8.89E0,-1.778E0,-8.128E0));
#1938=VERTEX_POINT('',#1936);
#1939=VERTEX_POINT('',#1937);
#1940=CARTESIAN_POINT('',(-8.89E0,-1.778E0,-8.128E0));
#1941=CARTESIAN_POINT('',(-8.89E0,1.778E0,-8.128E0));
#1942=VERTEX_POINT('',#1940);
#1943=VERTEX_POINT('',#1941);
#1944=CARTESIAN_POINT('',(-8.2042E0,4.572E-1,-6.35E-1));
#1945=CARTESIAN_POINT('',(-8.8392E0,1.0922E0,0.E0));
#1946=VERTEX_POINT('',#1944);
#1947=VERTEX_POINT('',#1945);
#1948=CARTESIAN_POINT('',(-6.4008E0,1.0922E0,0.E0));
#1949=VERTEX_POINT('',#1948);
#1950=CARTESIAN_POINT('',(-6.4008E0,-1.0922E0,0.E0));
#1951=VERTEX_POINT('',#1950);
#1952=CARTESIAN_POINT('',(-8.8392E0,-1.0922E0,0.E0));
#1953=VERTEX_POINT('',#1952);
#1954=CARTESIAN_POINT('',(-7.0358E0,4.572E-1,-6.35E-1));
#1955=VERTEX_POINT('',#1954);
#1956=CARTESIAN_POINT('',(-7.0358E0,-4.572E-1,-6.35E-1));
#1957=VERTEX_POINT('',#1956);
#1958=CARTESIAN_POINT('',(-8.2042E0,-4.572E-1,-6.35E-1));
#1959=VERTEX_POINT('',#1958);
#1960=CARTESIAN_POINT('',(-6.604E0,1.778E0,-8.636E0));
#1961=CARTESIAN_POINT('',(-6.096E0,1.778E0,-8.636E0));
#1962=VERTEX_POINT('',#1960);
#1963=VERTEX_POINT('',#1961);
#1964=CARTESIAN_POINT('',(-6.604E0,1.27E0,-8.636E0));
#1965=CARTESIAN_POINT('',(-6.096E0,1.27E0,-8.636E0));
#1966=VERTEX_POINT('',#1964);
#1967=VERTEX_POINT('',#1965);
#1968=CARTESIAN_POINT('',(-6.897293936748E0,1.27E0,-8.128E0));
#1969=CARTESIAN_POINT('',(-6.897293936748E0,1.778E0,-8.128E0));
#1970=VERTEX_POINT('',#1968);
#1971=VERTEX_POINT('',#1969);
#1972=CARTESIAN_POINT('',(-5.802706063252E0,1.27E0,-8.128E0));
#1973=CARTESIAN_POINT('',(-5.802706063252E0,1.778E0,-8.128E0));
#1974=VERTEX_POINT('',#1972);
#1975=VERTEX_POINT('',#1973);
#1976=CARTESIAN_POINT('',(-6.604E0,-1.778E0,-8.636E0));
#1977=CARTESIAN_POINT('',(-6.096E0,-1.778E0,-8.636E0));
#1978=VERTEX_POINT('',#1976);
#1979=VERTEX_POINT('',#1977);
#1980=CARTESIAN_POINT('',(-6.096E0,-1.27E0,-8.636E0));
#1981=CARTESIAN_POINT('',(-6.604E0,-1.27E0,-8.636E0));
#1982=VERTEX_POINT('',#1980);
#1983=VERTEX_POINT('',#1981);
#1984=CARTESIAN_POINT('',(-6.897293936748E0,-1.778E0,-8.128E0));
#1985=VERTEX_POINT('',#1984);
#1986=CARTESIAN_POINT('',(-5.802706063252E0,-1.778E0,-8.128E0));
#1987=VERTEX_POINT('',#1986);
#1988=CARTESIAN_POINT('',(-5.802706063252E0,-1.27E0,-8.128E0));
#1989=CARTESIAN_POINT('',(-6.897293936748E0,-1.27E0,-8.128E0));
#1990=VERTEX_POINT('',#1988);
#1991=VERTEX_POINT('',#1989);
#1992=CARTESIAN_POINT('',(-6.2992E0,1.0922E0,0.E0));
#1993=CARTESIAN_POINT('',(-3.8608E0,1.0922E0,0.E0));
#1994=VERTEX_POINT('',#1992);
#1995=VERTEX_POINT('',#1993);
#1996=CARTESIAN_POINT('',(-3.8608E0,-1.0922E0,0.E0));
#1997=VERTEX_POINT('',#1996);
#1998=CARTESIAN_POINT('',(-6.2992E0,-1.0922E0,0.E0));
#1999=VERTEX_POINT('',#1998);
#2000=CARTESIAN_POINT('',(-5.6642E0,4.572E-1,-6.35E-1));
#2001=VERTEX_POINT('',#2000);
#2002=CARTESIAN_POINT('',(-4.4958E0,4.572E-1,-6.35E-1));
#2003=VERTEX_POINT('',#2002);
#2004=CARTESIAN_POINT('',(-4.4958E0,-4.572E-1,-6.35E-1));
#2005=VERTEX_POINT('',#2004);
#2006=CARTESIAN_POINT('',(-5.6642E0,-4.572E-1,-6.35E-1));
#2007=VERTEX_POINT('',#2006);
#2008=CARTESIAN_POINT('',(-3.7592E0,1.0922E0,0.E0));
#2009=CARTESIAN_POINT('',(-1.3208E0,1.0922E0,0.E0));
#2010=VERTEX_POINT('',#2008);
#2011=VERTEX_POINT('',#2009);
#2012=CARTESIAN_POINT('',(-1.3208E0,-1.0922E0,0.E0));
#2013=VERTEX_POINT('',#2012);
#2014=CARTESIAN_POINT('',(-3.7592E0,-1.0922E0,0.E0));
#2015=VERTEX_POINT('',#2014);
#2016=CARTESIAN_POINT('',(-3.1242E0,4.572E-1,-6.35E-1));
#2017=VERTEX_POINT('',#2016);
#2018=CARTESIAN_POINT('',(-1.9558E0,4.572E-1,-6.35E-1));
#2019=VERTEX_POINT('',#2018);
#2020=CARTESIAN_POINT('',(-1.9558E0,-4.572E-1,-6.35E-1));
#2021=VERTEX_POINT('',#2020);
#2022=CARTESIAN_POINT('',(-3.1242E0,-4.572E-1,-6.35E-1));
#2023=VERTEX_POINT('',#2022);
#2024=CARTESIAN_POINT('',(-8.2042E0,4.572E-1,-7.45998E-1));
#2025=VERTEX_POINT('',#2024);
#2026=CARTESIAN_POINT('',(-7.0358E0,4.572E-1,-7.45998E-1));
#2027=VERTEX_POINT('',#2026);
#2028=CARTESIAN_POINT('',(-7.0358E0,-4.572E-1,-7.45998E-1));
#2029=VERTEX_POINT('',#2028);
#2030=CARTESIAN_POINT('',(-8.2042E0,-4.572E-1,-7.45998E-1));
#2031=VERTEX_POINT('',#2030);
#2032=CARTESIAN_POINT('',(-5.6642E0,4.572E-1,-7.45998E-1));
#2033=VERTEX_POINT('',#2032);
#2034=CARTESIAN_POINT('',(-4.4958E0,4.572E-1,-7.45998E-1));
#2035=VERTEX_POINT('',#2034);
#2036=CARTESIAN_POINT('',(-4.4958E0,-4.572E-1,-7.45998E-1));
#2037=VERTEX_POINT('',#2036);
#2038=CARTESIAN_POINT('',(-5.6642E0,-4.572E-1,-7.45998E-1));
#2039=VERTEX_POINT('',#2038);
#2040=CARTESIAN_POINT('',(-3.1242E0,4.572E-1,-7.45998E-1));
#2041=VERTEX_POINT('',#2040);
#2042=CARTESIAN_POINT('',(-1.9558E0,4.572E-1,-7.45998E-1));
#2043=VERTEX_POINT('',#2042);
#2044=CARTESIAN_POINT('',(-1.9558E0,-4.572E-1,-7.45998E-1));
#2045=VERTEX_POINT('',#2044);
#2046=CARTESIAN_POINT('',(-3.1242E0,-4.572E-1,-7.45998E-1));
#2047=VERTEX_POINT('',#2046);
#2048=CARTESIAN_POINT('',(-7.96925E0,-1.27E-1,-1.1557E1));
#2049=CARTESIAN_POINT('',(-7.96925E0,1.27E-1,-1.1557E1));
#2050=VERTEX_POINT('',#2048);
#2051=VERTEX_POINT('',#2049);
#2052=CARTESIAN_POINT('',(-7.27075E0,-1.27E-1,-1.1557E1));
#2053=CARTESIAN_POINT('',(-7.27075E0,1.27E-1,-1.1557E1));
#2054=VERTEX_POINT('',#2052);
#2055=VERTEX_POINT('',#2053);
#2056=CARTESIAN_POINT('',(-7.96925E0,-1.27E-1,-8.128E0));
#2057=VERTEX_POINT('',#2056);
#2058=CARTESIAN_POINT('',(-7.96925E0,1.27E-1,-8.128E0));
#2059=VERTEX_POINT('',#2058);
#2060=CARTESIAN_POINT('',(-7.27075E0,-1.27E-1,-8.128E0));
#2061=VERTEX_POINT('',#2060);
#2062=CARTESIAN_POINT('',(-7.27075E0,1.27E-1,-8.128E0));
#2063=VERTEX_POINT('',#2062);
#2064=CARTESIAN_POINT('',(-4.064E0,1.778E0,-8.636E0));
#2065=CARTESIAN_POINT('',(-3.556E0,1.778E0,-8.636E0));
#2066=VERTEX_POINT('',#2064);
#2067=VERTEX_POINT('',#2065);
#2068=CARTESIAN_POINT('',(-4.064E0,1.27E0,-8.636E0));
#2069=CARTESIAN_POINT('',(-3.556E0,1.27E0,-8.636E0));
#2070=VERTEX_POINT('',#2068);
#2071=VERTEX_POINT('',#2069);
#2072=CARTESIAN_POINT('',(-3.262706063252E0,1.27E0,-8.128E0));
#2073=CARTESIAN_POINT('',(-4.357293936748E0,1.27E0,-8.128E0));
#2074=VERTEX_POINT('',#2072);
#2075=VERTEX_POINT('',#2073);
#2076=CARTESIAN_POINT('',(-4.357293936748E0,1.778E0,-8.128E0));
#2077=VERTEX_POINT('',#2076);
#2078=CARTESIAN_POINT('',(-3.262706063252E0,1.778E0,-8.128E0));
#2079=VERTEX_POINT('',#2078);
#2080=CARTESIAN_POINT('',(-4.064E0,-1.778E0,-8.636E0));
#2081=CARTESIAN_POINT('',(-3.556E0,-1.778E0,-8.636E0));
#2082=VERTEX_POINT('',#2080);
#2083=VERTEX_POINT('',#2081);
#2084=CARTESIAN_POINT('',(-4.064E0,-1.27E0,-8.636E0));
#2085=CARTESIAN_POINT('',(-3.556E0,-1.27E0,-8.636E0));
#2086=VERTEX_POINT('',#2084);
#2087=VERTEX_POINT('',#2085);
#2088=CARTESIAN_POINT('',(-3.262706063252E0,-1.27E0,-8.128E0));
#2089=CARTESIAN_POINT('',(-4.357293936748E0,-1.27E0,-8.128E0));
#2090=VERTEX_POINT('',#2088);
#2091=VERTEX_POINT('',#2089);
#2092=CARTESIAN_POINT('',(-3.262706063252E0,-1.778E0,-8.128E0));
#2093=VERTEX_POINT('',#2092);
#2094=CARTESIAN_POINT('',(-4.357293936748E0,-1.778E0,-8.128E0));
#2095=VERTEX_POINT('',#2094);
#2096=CARTESIAN_POINT('',(-5.42925E0,-1.27E-1,-1.1557E1));
#2097=CARTESIAN_POINT('',(-5.42925E0,1.27E-1,-1.1557E1));
#2098=VERTEX_POINT('',#2096);
#2099=VERTEX_POINT('',#2097);
#2100=CARTESIAN_POINT('',(-4.73075E0,-1.27E-1,-1.1557E1));
#2101=CARTESIAN_POINT('',(-4.73075E0,1.27E-1,-1.1557E1));
#2102=VERTEX_POINT('',#2100);
#2103=VERTEX_POINT('',#2101);
#2104=CARTESIAN_POINT('',(-5.42925E0,1.27E-1,-8.128E0));
#2105=CARTESIAN_POINT('',(-5.42925E0,-1.27E-1,-8.128E0));
#2106=VERTEX_POINT('',#2104);
#2107=VERTEX_POINT('',#2105);
#2108=CARTESIAN_POINT('',(-4.73075E0,1.27E-1,-8.128E0));
#2109=CARTESIAN_POINT('',(-4.73075E0,-1.27E-1,-8.128E0));
#2110=VERTEX_POINT('',#2108);
#2111=VERTEX_POINT('',#2109);
#2112=CARTESIAN_POINT('',(-2.88925E0,-1.27E-1,-1.1557E1));
#2113=CARTESIAN_POINT('',(-2.88925E0,1.27E-1,-1.1557E1));
#2114=VERTEX_POINT('',#2112);
#2115=VERTEX_POINT('',#2113);
#2116=CARTESIAN_POINT('',(-2.19075E0,-1.27E-1,-1.1557E1));
#2117=CARTESIAN_POINT('',(-2.19075E0,1.27E-1,-1.1557E1));
#2118=VERTEX_POINT('',#2116);
#2119=VERTEX_POINT('',#2117);
#2120=CARTESIAN_POINT('',(-2.88925E0,1.27E-1,-8.128E0));
#2121=CARTESIAN_POINT('',(-2.88925E0,-1.27E-1,-8.128E0));
#2122=VERTEX_POINT('',#2120);
#2123=VERTEX_POINT('',#2121);
#2124=CARTESIAN_POINT('',(-2.19075E0,1.27E-1,-8.128E0));
#2125=CARTESIAN_POINT('',(-2.19075E0,-1.27E-1,-8.128E0));
#2126=VERTEX_POINT('',#2124);
#2127=VERTEX_POINT('',#2125);
#2128=CARTESIAN_POINT('',(-8.5598E0,8.128E-1,-9.99998E-1));
#2129=CARTESIAN_POINT('',(-8.5598E0,8.128E-1,-7.45998E-1));
#2130=VERTEX_POINT('',#2128);
#2131=VERTEX_POINT('',#2129);
#2132=CARTESIAN_POINT('',(-6.6802E0,8.128E-1,-9.99998E-1));
#2133=CARTESIAN_POINT('',(-6.6802E0,8.128E-1,-7.45998E-1));
#2134=VERTEX_POINT('',#2132);
#2135=VERTEX_POINT('',#2133);
#2136=CARTESIAN_POINT('',(-6.6802E0,-8.128E-1,-9.99998E-1));
#2137=CARTESIAN_POINT('',(-6.6802E0,-8.128E-1,-7.45998E-1));
#2138=VERTEX_POINT('',#2136);
#2139=VERTEX_POINT('',#2137);
#2140=CARTESIAN_POINT('',(-8.5598E0,-8.128E-1,-9.99998E-1));
#2141=CARTESIAN_POINT('',(-8.5598E0,-8.128E-1,-7.45998E-1));
#2142=VERTEX_POINT('',#2140);
#2143=VERTEX_POINT('',#2141);
#2144=CARTESIAN_POINT('',(-6.0198E0,8.128E-1,-9.99998E-1));
#2145=CARTESIAN_POINT('',(-6.0198E0,8.128E-1,-7.45998E-1));
#2146=VERTEX_POINT('',#2144);
#2147=VERTEX_POINT('',#2145);
#2148=CARTESIAN_POINT('',(-4.1402E0,8.128E-1,-9.99998E-1));
#2149=CARTESIAN_POINT('',(-4.1402E0,8.128E-1,-7.45998E-1));
#2150=VERTEX_POINT('',#2148);
#2151=VERTEX_POINT('',#2149);
#2152=CARTESIAN_POINT('',(-4.1402E0,-8.128E-1,-9.99998E-1));
#2153=CARTESIAN_POINT('',(-4.1402E0,-8.128E-1,-7.45998E-1));
#2154=VERTEX_POINT('',#2152);
#2155=VERTEX_POINT('',#2153);
#2156=CARTESIAN_POINT('',(-6.0198E0,-8.128E-1,-9.99998E-1));
#2157=CARTESIAN_POINT('',(-6.0198E0,-8.128E-1,-7.45998E-1));
#2158=VERTEX_POINT('',#2156);
#2159=VERTEX_POINT('',#2157);
#2160=CARTESIAN_POINT('',(-3.4798E0,8.128E-1,-9.99998E-1));
#2161=CARTESIAN_POINT('',(-3.4798E0,8.128E-1,-7.45998E-1));
#2162=VERTEX_POINT('',#2160);
#2163=VERTEX_POINT('',#2161);
#2164=CARTESIAN_POINT('',(-1.6002E0,8.128E-1,-9.99998E-1));
#2165=CARTESIAN_POINT('',(-1.6002E0,8.128E-1,-7.45998E-1));
#2166=VERTEX_POINT('',#2164);
#2167=VERTEX_POINT('',#2165);
#2168=CARTESIAN_POINT('',(-1.6002E0,-8.128E-1,-9.99998E-1));
#2169=CARTESIAN_POINT('',(-1.6002E0,-8.128E-1,-7.45998E-1));
#2170=VERTEX_POINT('',#2168);
#2171=VERTEX_POINT('',#2169);
#2172=CARTESIAN_POINT('',(-3.4798E0,-8.128E-1,-9.99998E-1));
#2173=CARTESIAN_POINT('',(-3.4798E0,-8.128E-1,-7.45998E-1));
#2174=VERTEX_POINT('',#2172);
#2175=VERTEX_POINT('',#2173);
#2176=CARTESIAN_POINT('',(-9.398E-1,8.128E-1,-9.99998E-1));
#2177=CARTESIAN_POINT('',(-9.398E-1,8.128E-1,-7.45998E-1));
#2178=VERTEX_POINT('',#2176);
#2179=VERTEX_POINT('',#2177);
#2180=CARTESIAN_POINT('',(-5.842E-1,4.572E-1,-7.45998E-1));
#2181=CARTESIAN_POINT('',(-5.842E-1,4.572E-1,-6.35E-1));
#2182=VERTEX_POINT('',#2180);
#2183=VERTEX_POINT('',#2181);
#2184=CARTESIAN_POINT('',(9.398E-1,8.128E-1,-9.99998E-1));
#2185=CARTESIAN_POINT('',(9.398E-1,8.128E-1,-7.45998E-1));
#2186=VERTEX_POINT('',#2184);
#2187=VERTEX_POINT('',#2185);
#2188=CARTESIAN_POINT('',(5.842E-1,4.572E-1,-7.45998E-1));
#2189=CARTESIAN_POINT('',(5.842E-1,4.572E-1,-6.35E-1));
#2190=VERTEX_POINT('',#2188);
#2191=VERTEX_POINT('',#2189);
#2192=CARTESIAN_POINT('',(9.398E-1,-8.128E-1,-9.99998E-1));
#2193=CARTESIAN_POINT('',(9.398E-1,-8.128E-1,-7.45998E-1));
#2194=VERTEX_POINT('',#2192);
#2195=VERTEX_POINT('',#2193);
#2196=CARTESIAN_POINT('',(5.842E-1,-4.572E-1,-7.45998E-1));
#2197=CARTESIAN_POINT('',(5.842E-1,-4.572E-1,-6.35E-1));
#2198=VERTEX_POINT('',#2196);
#2199=VERTEX_POINT('',#2197);
#2200=CARTESIAN_POINT('',(-9.398E-1,-8.128E-1,-9.99998E-1));
#2201=CARTESIAN_POINT('',(-9.398E-1,-8.128E-1,-7.45998E-1));
#2202=VERTEX_POINT('',#2200);
#2203=VERTEX_POINT('',#2201);
#2204=CARTESIAN_POINT('',(-5.842E-1,-4.572E-1,-7.45998E-1));
#2205=CARTESIAN_POINT('',(-5.842E-1,-4.572E-1,-6.35E-1));
#2206=VERTEX_POINT('',#2204);
#2207=VERTEX_POINT('',#2205);
#2208=CARTESIAN_POINT('',(-1.2192E0,1.0922E0,0.E0));
#2209=CARTESIAN_POINT('',(1.2192E0,1.0922E0,0.E0));
#2210=VERTEX_POINT('',#2208);
#2211=VERTEX_POINT('',#2209);
#2212=CARTESIAN_POINT('',(1.2192E0,-1.0922E0,0.E0));
#2213=VERTEX_POINT('',#2212);
#2214=CARTESIAN_POINT('',(-1.2192E0,-1.0922E0,0.E0));
#2215=VERTEX_POINT('',#2214);
#2216=CARTESIAN_POINT('',(-1.524E0,1.778E0,-8.636E0));
#2217=CARTESIAN_POINT('',(-1.016E0,1.778E0,-8.636E0));
#2218=VERTEX_POINT('',#2216);
#2219=VERTEX_POINT('',#2217);
#2220=CARTESIAN_POINT('',(-1.524E0,1.27E0,-8.636E0));
#2221=CARTESIAN_POINT('',(-1.016E0,1.27E0,-8.636E0));
#2222=VERTEX_POINT('',#2220);
#2223=VERTEX_POINT('',#2221);
#2224=CARTESIAN_POINT('',(-7.227060632517E-1,1.27E0,-8.128E0));
#2225=CARTESIAN_POINT('',(-1.817293936748E0,1.27E0,-8.128E0));
#2226=VERTEX_POINT('',#2224);
#2227=VERTEX_POINT('',#2225);
#2228=CARTESIAN_POINT('',(-1.817293936748E0,1.778E0,-8.128E0));
#2229=VERTEX_POINT('',#2228);
#2230=CARTESIAN_POINT('',(-7.227060632517E-1,1.778E0,-8.128E0));
#2231=VERTEX_POINT('',#2230);
#2232=CARTESIAN_POINT('',(-1.524E0,-1.778E0,-8.636E0));
#2233=CARTESIAN_POINT('',(-1.016E0,-1.778E0,-8.636E0));
#2234=VERTEX_POINT('',#2232);
#2235=VERTEX_POINT('',#2233);
#2236=CARTESIAN_POINT('',(-1.524E0,-1.27E0,-8.636E0));
#2237=CARTESIAN_POINT('',(-1.016E0,-1.27E0,-8.636E0));
#2238=VERTEX_POINT('',#2236);
#2239=VERTEX_POINT('',#2237);
#2240=CARTESIAN_POINT('',(-7.227060632517E-1,-1.27E0,-8.128E0));
#2241=CARTESIAN_POINT('',(-1.817293936748E0,-1.27E0,-8.128E0));
#2242=VERTEX_POINT('',#2240);
#2243=VERTEX_POINT('',#2241);
#2244=CARTESIAN_POINT('',(-7.227060632517E-1,-1.778E0,-8.128E0));
#2245=VERTEX_POINT('',#2244);
#2246=CARTESIAN_POINT('',(-1.817293936748E0,-1.778E0,-8.128E0));
#2247=VERTEX_POINT('',#2246);
#2248=CARTESIAN_POINT('',(-3.4925E-1,-1.27E-1,-1.1557E1));
#2249=CARTESIAN_POINT('',(-3.4925E-1,1.27E-1,-1.1557E1));
#2250=VERTEX_POINT('',#2248);
#2251=VERTEX_POINT('',#2249);
#2252=CARTESIAN_POINT('',(3.4925E-1,-1.27E-1,-1.1557E1));
#2253=CARTESIAN_POINT('',(3.4925E-1,1.27E-1,-1.1557E1));
#2254=VERTEX_POINT('',#2252);
#2255=VERTEX_POINT('',#2253);
#2256=CARTESIAN_POINT('',(-3.4925E-1,1.27E-1,-8.128E0));
#2257=CARTESIAN_POINT('',(-3.4925E-1,-1.27E-1,-8.128E0));
#2258=VERTEX_POINT('',#2256);
#2259=VERTEX_POINT('',#2257);
#2260=CARTESIAN_POINT('',(3.4925E-1,1.27E-1,-8.128E0));
#2261=CARTESIAN_POINT('',(3.4925E-1,-1.27E-1,-8.128E0));
#2262=VERTEX_POINT('',#2260);
#2263=VERTEX_POINT('',#2261);
#2264=CARTESIAN_POINT('',(1.6002E0,8.128E-1,-9.99998E-1));
#2265=CARTESIAN_POINT('',(1.6002E0,8.128E-1,-7.45998E-1));
#2266=VERTEX_POINT('',#2264);
#2267=VERTEX_POINT('',#2265);
#2268=CARTESIAN_POINT('',(1.9558E0,4.572E-1,-7.45998E-1));
#2269=CARTESIAN_POINT('',(1.9558E0,4.572E-1,-6.35E-1));
#2270=VERTEX_POINT('',#2268);
#2271=VERTEX_POINT('',#2269);
#2272=CARTESIAN_POINT('',(3.4798E0,8.128E-1,-9.99998E-1));
#2273=CARTESIAN_POINT('',(3.4798E0,8.128E-1,-7.45998E-1));
#2274=VERTEX_POINT('',#2272);
#2275=VERTEX_POINT('',#2273);
#2276=CARTESIAN_POINT('',(3.1242E0,4.572E-1,-7.45998E-1));
#2277=CARTESIAN_POINT('',(3.1242E0,4.572E-1,-6.35E-1));
#2278=VERTEX_POINT('',#2276);
#2279=VERTEX_POINT('',#2277);
#2280=CARTESIAN_POINT('',(3.4798E0,-8.128E-1,-9.99998E-1));
#2281=CARTESIAN_POINT('',(3.4798E0,-8.128E-1,-7.45998E-1));
#2282=VERTEX_POINT('',#2280);
#2283=VERTEX_POINT('',#2281);
#2284=CARTESIAN_POINT('',(3.1242E0,-4.572E-1,-7.45998E-1));
#2285=CARTESIAN_POINT('',(3.1242E0,-4.572E-1,-6.35E-1));
#2286=VERTEX_POINT('',#2284);
#2287=VERTEX_POINT('',#2285);
#2288=CARTESIAN_POINT('',(1.6002E0,-8.128E-1,-9.99998E-1));
#2289=CARTESIAN_POINT('',(1.6002E0,-8.128E-1,-7.45998E-1));
#2290=VERTEX_POINT('',#2288);
#2291=VERTEX_POINT('',#2289);
#2292=CARTESIAN_POINT('',(1.9558E0,-4.572E-1,-7.45998E-1));
#2293=CARTESIAN_POINT('',(1.9558E0,-4.572E-1,-6.35E-1));
#2294=VERTEX_POINT('',#2292);
#2295=VERTEX_POINT('',#2293);
#2296=CARTESIAN_POINT('',(1.3208E0,1.0922E0,0.E0));
#2297=CARTESIAN_POINT('',(3.7592E0,1.0922E0,0.E0));
#2298=VERTEX_POINT('',#2296);
#2299=VERTEX_POINT('',#2297);
#2300=CARTESIAN_POINT('',(3.7592E0,-1.0922E0,0.E0));
#2301=VERTEX_POINT('',#2300);
#2302=CARTESIAN_POINT('',(1.3208E0,-1.0922E0,0.E0));
#2303=VERTEX_POINT('',#2302);
#2304=CARTESIAN_POINT('',(1.016E0,1.778E0,-8.636E0));
#2305=CARTESIAN_POINT('',(1.524E0,1.778E0,-8.636E0));
#2306=VERTEX_POINT('',#2304);
#2307=VERTEX_POINT('',#2305);
#2308=CARTESIAN_POINT('',(1.016E0,1.27E0,-8.636E0));
#2309=CARTESIAN_POINT('',(1.524E0,1.27E0,-8.636E0));
#2310=VERTEX_POINT('',#2308);
#2311=VERTEX_POINT('',#2309);
#2312=CARTESIAN_POINT('',(1.817293936748E0,1.27E0,-8.128E0));
#2313=CARTESIAN_POINT('',(7.227060632517E-1,1.27E0,-8.128E0));
#2314=VERTEX_POINT('',#2312);
#2315=VERTEX_POINT('',#2313);
#2316=CARTESIAN_POINT('',(7.227060632517E-1,1.778E0,-8.128E0));
#2317=VERTEX_POINT('',#2316);
#2318=CARTESIAN_POINT('',(1.817293936748E0,1.778E0,-8.128E0));
#2319=VERTEX_POINT('',#2318);
#2320=CARTESIAN_POINT('',(1.016E0,-1.778E0,-8.636E0));
#2321=CARTESIAN_POINT('',(1.524E0,-1.778E0,-8.636E0));
#2322=VERTEX_POINT('',#2320);
#2323=VERTEX_POINT('',#2321);
#2324=CARTESIAN_POINT('',(1.016E0,-1.27E0,-8.636E0));
#2325=CARTESIAN_POINT('',(1.524E0,-1.27E0,-8.636E0));
#2326=VERTEX_POINT('',#2324);
#2327=VERTEX_POINT('',#2325);
#2328=CARTESIAN_POINT('',(1.817293936748E0,-1.27E0,-8.128E0));
#2329=CARTESIAN_POINT('',(7.227060632517E-1,-1.27E0,-8.128E0));
#2330=VERTEX_POINT('',#2328);
#2331=VERTEX_POINT('',#2329);
#2332=CARTESIAN_POINT('',(1.817293936748E0,-1.778E0,-8.128E0));
#2333=VERTEX_POINT('',#2332);
#2334=CARTESIAN_POINT('',(7.227060632517E-1,-1.778E0,-8.128E0));
#2335=VERTEX_POINT('',#2334);
#2336=CARTESIAN_POINT('',(2.19075E0,-1.27E-1,-1.1557E1));
#2337=CARTESIAN_POINT('',(2.19075E0,1.27E-1,-1.1557E1));
#2338=VERTEX_POINT('',#2336);
#2339=VERTEX_POINT('',#2337);
#2340=CARTESIAN_POINT('',(2.88925E0,-1.27E-1,-1.1557E1));
#2341=CARTESIAN_POINT('',(2.88925E0,1.27E-1,-1.1557E1));
#2342=VERTEX_POINT('',#2340);
#2343=VERTEX_POINT('',#2341);
#2344=CARTESIAN_POINT('',(2.19075E0,1.27E-1,-8.128E0));
#2345=CARTESIAN_POINT('',(2.19075E0,-1.27E-1,-8.128E0));
#2346=VERTEX_POINT('',#2344);
#2347=VERTEX_POINT('',#2345);
#2348=CARTESIAN_POINT('',(2.88925E0,1.27E-1,-8.128E0));
#2349=CARTESIAN_POINT('',(2.88925E0,-1.27E-1,-8.128E0));
#2350=VERTEX_POINT('',#2348);
#2351=VERTEX_POINT('',#2349);
#2352=CARTESIAN_POINT('',(4.1402E0,8.128E-1,-9.99998E-1));
#2353=CARTESIAN_POINT('',(4.1402E0,8.128E-1,-7.45998E-1));
#2354=VERTEX_POINT('',#2352);
#2355=VERTEX_POINT('',#2353);
#2356=CARTESIAN_POINT('',(4.4958E0,4.572E-1,-7.45998E-1));
#2357=CARTESIAN_POINT('',(4.4958E0,4.572E-1,-6.35E-1));
#2358=VERTEX_POINT('',#2356);
#2359=VERTEX_POINT('',#2357);
#2360=CARTESIAN_POINT('',(6.0198E0,8.128E-1,-9.99998E-1));
#2361=CARTESIAN_POINT('',(6.0198E0,8.128E-1,-7.45998E-1));
#2362=VERTEX_POINT('',#2360);
#2363=VERTEX_POINT('',#2361);
#2364=CARTESIAN_POINT('',(5.6642E0,4.572E-1,-7.45998E-1));
#2365=CARTESIAN_POINT('',(5.6642E0,4.572E-1,-6.35E-1));
#2366=VERTEX_POINT('',#2364);
#2367=VERTEX_POINT('',#2365);
#2368=CARTESIAN_POINT('',(6.0198E0,-8.128E-1,-9.99998E-1));
#2369=CARTESIAN_POINT('',(6.0198E0,-8.128E-1,-7.45998E-1));
#2370=VERTEX_POINT('',#2368);
#2371=VERTEX_POINT('',#2369);
#2372=CARTESIAN_POINT('',(5.6642E0,-4.572E-1,-7.45998E-1));
#2373=CARTESIAN_POINT('',(5.6642E0,-4.572E-1,-6.35E-1));
#2374=VERTEX_POINT('',#2372);
#2375=VERTEX_POINT('',#2373);
#2376=CARTESIAN_POINT('',(4.1402E0,-8.128E-1,-9.99998E-1));
#2377=CARTESIAN_POINT('',(4.1402E0,-8.128E-1,-7.45998E-1));
#2378=VERTEX_POINT('',#2376);
#2379=VERTEX_POINT('',#2377);
#2380=CARTESIAN_POINT('',(4.4958E0,-4.572E-1,-7.45998E-1));
#2381=CARTESIAN_POINT('',(4.4958E0,-4.572E-1,-6.35E-1));
#2382=VERTEX_POINT('',#2380);
#2383=VERTEX_POINT('',#2381);
#2384=CARTESIAN_POINT('',(3.8608E0,1.0922E0,0.E0));
#2385=CARTESIAN_POINT('',(6.2992E0,1.0922E0,0.E0));
#2386=VERTEX_POINT('',#2384);
#2387=VERTEX_POINT('',#2385);
#2388=CARTESIAN_POINT('',(6.2992E0,-1.0922E0,0.E0));
#2389=VERTEX_POINT('',#2388);
#2390=CARTESIAN_POINT('',(3.8608E0,-1.0922E0,0.E0));
#2391=VERTEX_POINT('',#2390);
#2392=CARTESIAN_POINT('',(3.556E0,1.778E0,-8.636E0));
#2393=CARTESIAN_POINT('',(4.064E0,1.778E0,-8.636E0));
#2394=VERTEX_POINT('',#2392);
#2395=VERTEX_POINT('',#2393);
#2396=CARTESIAN_POINT('',(3.556E0,1.27E0,-8.636E0));
#2397=CARTESIAN_POINT('',(4.064E0,1.27E0,-8.636E0));
#2398=VERTEX_POINT('',#2396);
#2399=VERTEX_POINT('',#2397);
#2400=CARTESIAN_POINT('',(4.357293936748E0,1.27E0,-8.128E0));
#2401=CARTESIAN_POINT('',(3.262706063252E0,1.27E0,-8.128E0));
#2402=VERTEX_POINT('',#2400);
#2403=VERTEX_POINT('',#2401);
#2404=CARTESIAN_POINT('',(3.262706063252E0,1.778E0,-8.128E0));
#2405=VERTEX_POINT('',#2404);
#2406=CARTESIAN_POINT('',(4.357293936748E0,1.778E0,-8.128E0));
#2407=VERTEX_POINT('',#2406);
#2408=CARTESIAN_POINT('',(3.556E0,-1.778E0,-8.636E0));
#2409=CARTESIAN_POINT('',(4.064E0,-1.778E0,-8.636E0));
#2410=VERTEX_POINT('',#2408);
#2411=VERTEX_POINT('',#2409);
#2412=CARTESIAN_POINT('',(3.556E0,-1.27E0,-8.636E0));
#2413=CARTESIAN_POINT('',(4.064E0,-1.27E0,-8.636E0));
#2414=VERTEX_POINT('',#2412);
#2415=VERTEX_POINT('',#2413);
#2416=CARTESIAN_POINT('',(4.357293936748E0,-1.27E0,-8.128E0));
#2417=CARTESIAN_POINT('',(3.262706063252E0,-1.27E0,-8.128E0));
#2418=VERTEX_POINT('',#2416);
#2419=VERTEX_POINT('',#2417);
#2420=CARTESIAN_POINT('',(4.357293936748E0,-1.778E0,-8.128E0));
#2421=VERTEX_POINT('',#2420);
#2422=CARTESIAN_POINT('',(3.262706063252E0,-1.778E0,-8.128E0));
#2423=VERTEX_POINT('',#2422);
#2424=CARTESIAN_POINT('',(4.73075E0,-1.27E-1,-1.1557E1));
#2425=CARTESIAN_POINT('',(4.73075E0,1.27E-1,-1.1557E1));
#2426=VERTEX_POINT('',#2424);
#2427=VERTEX_POINT('',#2425);
#2428=CARTESIAN_POINT('',(5.42925E0,-1.27E-1,-1.1557E1));
#2429=CARTESIAN_POINT('',(5.42925E0,1.27E-1,-1.1557E1));
#2430=VERTEX_POINT('',#2428);
#2431=VERTEX_POINT('',#2429);
#2432=CARTESIAN_POINT('',(4.73075E0,1.27E-1,-8.128E0));
#2433=CARTESIAN_POINT('',(4.73075E0,-1.27E-1,-8.128E0));
#2434=VERTEX_POINT('',#2432);
#2435=VERTEX_POINT('',#2433);
#2436=CARTESIAN_POINT('',(5.42925E0,1.27E-1,-8.128E0));
#2437=CARTESIAN_POINT('',(5.42925E0,-1.27E-1,-8.128E0));
#2438=VERTEX_POINT('',#2436);
#2439=VERTEX_POINT('',#2437);
#2440=CARTESIAN_POINT('',(6.6802E0,8.128E-1,-9.99998E-1));
#2441=CARTESIAN_POINT('',(6.6802E0,8.128E-1,-7.45998E-1));
#2442=VERTEX_POINT('',#2440);
#2443=VERTEX_POINT('',#2441);
#2444=CARTESIAN_POINT('',(7.0358E0,4.572E-1,-7.45998E-1));
#2445=CARTESIAN_POINT('',(7.0358E0,4.572E-1,-6.35E-1));
#2446=VERTEX_POINT('',#2444);
#2447=VERTEX_POINT('',#2445);
#2448=CARTESIAN_POINT('',(8.5598E0,8.128E-1,-9.99998E-1));
#2449=CARTESIAN_POINT('',(8.5598E0,8.128E-1,-7.45998E-1));
#2450=VERTEX_POINT('',#2448);
#2451=VERTEX_POINT('',#2449);
#2452=CARTESIAN_POINT('',(8.2042E0,4.572E-1,-7.45998E-1));
#2453=CARTESIAN_POINT('',(8.2042E0,4.572E-1,-6.35E-1));
#2454=VERTEX_POINT('',#2452);
#2455=VERTEX_POINT('',#2453);
#2456=CARTESIAN_POINT('',(8.5598E0,-8.128E-1,-9.99998E-1));
#2457=CARTESIAN_POINT('',(8.5598E0,-8.128E-1,-7.45998E-1));
#2458=VERTEX_POINT('',#2456);
#2459=VERTEX_POINT('',#2457);
#2460=CARTESIAN_POINT('',(8.2042E0,-4.572E-1,-7.45998E-1));
#2461=CARTESIAN_POINT('',(8.2042E0,-4.572E-1,-6.35E-1));
#2462=VERTEX_POINT('',#2460);
#2463=VERTEX_POINT('',#2461);
#2464=CARTESIAN_POINT('',(6.6802E0,-8.128E-1,-9.99998E-1));
#2465=CARTESIAN_POINT('',(6.6802E0,-8.128E-1,-7.45998E-1));
#2466=VERTEX_POINT('',#2464);
#2467=VERTEX_POINT('',#2465);
#2468=CARTESIAN_POINT('',(7.0358E0,-4.572E-1,-7.45998E-1));
#2469=CARTESIAN_POINT('',(7.0358E0,-4.572E-1,-6.35E-1));
#2470=VERTEX_POINT('',#2468);
#2471=VERTEX_POINT('',#2469);
#2472=CARTESIAN_POINT('',(6.4008E0,1.0922E0,0.E0));
#2473=CARTESIAN_POINT('',(8.8392E0,1.0922E0,0.E0));
#2474=VERTEX_POINT('',#2472);
#2475=VERTEX_POINT('',#2473);
#2476=CARTESIAN_POINT('',(8.8392E0,-1.0922E0,0.E0));
#2477=VERTEX_POINT('',#2476);
#2478=CARTESIAN_POINT('',(6.4008E0,-1.0922E0,0.E0));
#2479=VERTEX_POINT('',#2478);
#2480=CARTESIAN_POINT('',(6.096E0,1.778E0,-8.636E0));
#2481=CARTESIAN_POINT('',(6.604E0,1.778E0,-8.636E0));
#2482=VERTEX_POINT('',#2480);
#2483=VERTEX_POINT('',#2481);
#2484=CARTESIAN_POINT('',(6.096E0,1.27E0,-8.636E0));
#2485=CARTESIAN_POINT('',(6.604E0,1.27E0,-8.636E0));
#2486=VERTEX_POINT('',#2484);
#2487=VERTEX_POINT('',#2485);
#2488=CARTESIAN_POINT('',(6.897293936748E0,1.27E0,-8.128E0));
#2489=CARTESIAN_POINT('',(5.802706063252E0,1.27E0,-8.128E0));
#2490=VERTEX_POINT('',#2488);
#2491=VERTEX_POINT('',#2489);
#2492=CARTESIAN_POINT('',(5.802706063252E0,1.778E0,-8.128E0));
#2493=VERTEX_POINT('',#2492);
#2494=CARTESIAN_POINT('',(6.897293936748E0,1.778E0,-8.128E0));
#2495=VERTEX_POINT('',#2494);
#2496=CARTESIAN_POINT('',(6.096E0,-1.778E0,-8.636E0));
#2497=CARTESIAN_POINT('',(6.604E0,-1.778E0,-8.636E0));
#2498=VERTEX_POINT('',#2496);
#2499=VERTEX_POINT('',#2497);
#2500=CARTESIAN_POINT('',(6.096E0,-1.27E0,-8.636E0));
#2501=CARTESIAN_POINT('',(6.604E0,-1.27E0,-8.636E0));
#2502=VERTEX_POINT('',#2500);
#2503=VERTEX_POINT('',#2501);
#2504=CARTESIAN_POINT('',(6.897293936748E0,-1.27E0,-8.128E0));
#2505=CARTESIAN_POINT('',(5.802706063252E0,-1.27E0,-8.128E0));
#2506=VERTEX_POINT('',#2504);
#2507=VERTEX_POINT('',#2505);
#2508=CARTESIAN_POINT('',(6.897293936748E0,-1.778E0,-8.128E0));
#2509=VERTEX_POINT('',#2508);
#2510=CARTESIAN_POINT('',(5.802706063252E0,-1.778E0,-8.128E0));
#2511=VERTEX_POINT('',#2510);
#2512=CARTESIAN_POINT('',(7.27075E0,-1.27E-1,-1.1557E1));
#2513=CARTESIAN_POINT('',(7.27075E0,1.27E-1,-1.1557E1));
#2514=VERTEX_POINT('',#2512);
#2515=VERTEX_POINT('',#2513);
#2516=CARTESIAN_POINT('',(7.96925E0,-1.27E-1,-1.1557E1));
#2517=CARTESIAN_POINT('',(7.96925E0,1.27E-1,-1.1557E1));
#2518=VERTEX_POINT('',#2516);
#2519=VERTEX_POINT('',#2517);
#2520=CARTESIAN_POINT('',(7.27075E0,1.27E-1,-8.128E0));
#2521=CARTESIAN_POINT('',(7.27075E0,-1.27E-1,-8.128E0));
#2522=VERTEX_POINT('',#2520);
#2523=VERTEX_POINT('',#2521);
#2524=CARTESIAN_POINT('',(7.96925E0,1.27E-1,-8.128E0));
#2525=CARTESIAN_POINT('',(7.96925E0,-1.27E-1,-8.128E0));
#2526=VERTEX_POINT('',#2524);
#2527=VERTEX_POINT('',#2525);
#2528=CARTESIAN_POINT('',(0.E0,0.E0,0.E0));
#2529=DIRECTION('',(0.E0,0.E0,-1.E0));
#2530=DIRECTION('',(-1.E0,0.E0,0.E0));
#2531=AXIS2_PLACEMENT_3D('',#2528,#2529,#2530);
#2532=PLANE('',#2531);
#2534=ORIENTED_EDGE('',*,*,#2533,.T.);
#2536=ORIENTED_EDGE('',*,*,#2535,.T.);
#2538=ORIENTED_EDGE('',*,*,#2537,.T.);
#2540=ORIENTED_EDGE('',*,*,#2539,.T.);
#2541=EDGE_LOOP('',(#2534,#2536,#2538,#2540));
#2542=FACE_OUTER_BOUND('',#2541,.F.);
#2544=ORIENTED_EDGE('',*,*,#2543,.F.);
#2546=ORIENTED_EDGE('',*,*,#2545,.F.);
#2548=ORIENTED_EDGE('',*,*,#2547,.F.);
#2550=ORIENTED_EDGE('',*,*,#2549,.F.);
#2551=EDGE_LOOP('',(#2544,#2546,#2548,#2550));
#2552=FACE_BOUND('',#2551,.F.);
#2554=ORIENTED_EDGE('',*,*,#2553,.F.);
#2556=ORIENTED_EDGE('',*,*,#2555,.F.);
#2558=ORIENTED_EDGE('',*,*,#2557,.F.);
#2560=ORIENTED_EDGE('',*,*,#2559,.F.);
#2561=EDGE_LOOP('',(#2554,#2556,#2558,#2560));
#2562=FACE_BOUND('',#2561,.F.);
#2564=ORIENTED_EDGE('',*,*,#2563,.F.);
#2566=ORIENTED_EDGE('',*,*,#2565,.F.);
#2568=ORIENTED_EDGE('',*,*,#2567,.F.);
#2570=ORIENTED_EDGE('',*,*,#2569,.F.);
#2571=EDGE_LOOP('',(#2564,#2566,#2568,#2570));
#2572=FACE_BOUND('',#2571,.F.);
#2574=ORIENTED_EDGE('',*,*,#2573,.F.);
#2576=ORIENTED_EDGE('',*,*,#2575,.F.);
#2578=ORIENTED_EDGE('',*,*,#2577,.F.);
#2580=ORIENTED_EDGE('',*,*,#2579,.F.);
#2581=EDGE_LOOP('',(#2574,#2576,#2578,#2580));
#2582=FACE_BOUND('',#2581,.F.);
#2584=ORIENTED_EDGE('',*,*,#2583,.F.);
#2586=ORIENTED_EDGE('',*,*,#2585,.F.);
#2588=ORIENTED_EDGE('',*,*,#2587,.F.);
#2590=ORIENTED_EDGE('',*,*,#2589,.F.);
#2591=EDGE_LOOP('',(#2584,#2586,#2588,#2590));
#2592=FACE_BOUND('',#2591,.F.);
#2594=ORIENTED_EDGE('',*,*,#2593,.F.);
#2596=ORIENTED_EDGE('',*,*,#2595,.F.);
#2598=ORIENTED_EDGE('',*,*,#2597,.F.);
#2600=ORIENTED_EDGE('',*,*,#2599,.F.);
#2601=EDGE_LOOP('',(#2594,#2596,#2598,#2600));
#2602=FACE_BOUND('',#2601,.F.);
#2604=ORIENTED_EDGE('',*,*,#2603,.F.);
#2606=ORIENTED_EDGE('',*,*,#2605,.F.);
#2608=ORIENTED_EDGE('',*,*,#2607,.F.);
#2610=ORIENTED_EDGE('',*,*,#2609,.F.);
#2611=EDGE_LOOP('',(#2604,#2606,#2608,#2610));
#2612=FACE_BOUND('',#2611,.F.);
#2613=ADVANCED_FACE('',(#2542,#2552,#2562,#2572,#2582,#2592,#2602,#2612),#2532,
.F.);
#2614=CARTESIAN_POINT('',(8.89E0,1.778E0,0.E0));
#2615=DIRECTION('',(1.E0,0.E0,0.E0));
#2616=DIRECTION('',(0.E0,-1.E0,0.E0));
#2617=AXIS2_PLACEMENT_3D('',#2614,#2615,#2616);
#2618=PLANE('',#2617);
#2619=ORIENTED_EDGE('',*,*,#2533,.F.);
#2621=ORIENTED_EDGE('',*,*,#2620,.T.);
#2623=ORIENTED_EDGE('',*,*,#2622,.T.);
#2625=ORIENTED_EDGE('',*,*,#2624,.F.);
#2626=EDGE_LOOP('',(#2619,#2621,#2623,#2625));
#2627=FACE_OUTER_BOUND('',#2626,.F.);
#2628=ADVANCED_FACE('',(#2627),#2618,.T.);
#2629=CARTESIAN_POINT('',(-8.89E0,1.778E0,0.E0));
#2630=DIRECTION('',(0.E0,1.E0,0.E0));
#2631=DIRECTION('',(1.E0,0.E0,0.E0));
#2632=AXIS2_PLACEMENT_3D('',#2629,#2630,#2631);
#2633=PLANE('',#2632);
#2635=ORIENTED_EDGE('',*,*,#2634,.T.);
#2637=ORIENTED_EDGE('',*,*,#2636,.T.);
#2639=ORIENTED_EDGE('',*,*,#2638,.T.);
#2641=ORIENTED_EDGE('',*,*,#2640,.T.);
#2643=ORIENTED_EDGE('',*,*,#2642,.T.);
#2644=ORIENTED_EDGE('',*,*,#2620,.F.);
#2645=ORIENTED_EDGE('',*,*,#2539,.F.);
#2647=ORIENTED_EDGE('',*,*,#2646,.T.);
#2649=ORIENTED_EDGE('',*,*,#2648,.T.);
#2651=ORIENTED_EDGE('',*,*,#2650,.T.);
#2653=ORIENTED_EDGE('',*,*,#2652,.T.);
#2655=ORIENTED_EDGE('',*,*,#2654,.T.);
#2657=ORIENTED_EDGE('',*,*,#2656,.T.);
#2659=ORIENTED_EDGE('',*,*,#2658,.T.);
#2661=ORIENTED_EDGE('',*,*,#2660,.T.);
#2663=ORIENTED_EDGE('',*,*,#2662,.T.);
#2665=ORIENTED_EDGE('',*,*,#2664,.T.);
#2667=ORIENTED_EDGE('',*,*,#2666,.T.);
#2669=ORIENTED_EDGE('',*,*,#2668,.T.);
#2671=ORIENTED_EDGE('',*,*,#2670,.T.);
#2673=ORIENTED_EDGE('',*,*,#2672,.T.);
#2675=ORIENTED_EDGE('',*,*,#2674,.T.);
#2677=ORIENTED_EDGE('',*,*,#2676,.T.);
#2679=ORIENTED_EDGE('',*,*,#2678,.T.);
#2681=ORIENTED_EDGE('',*,*,#2680,.T.);
#2683=ORIENTED_EDGE('',*,*,#2682,.T.);
#2685=ORIENTED_EDGE('',*,*,#2684,.T.);
#2687=ORIENTED_EDGE('',*,*,#2686,.T.);
#2688=EDGE_LOOP('',(#2635,#2637,#2639,#2641,#2643,#2644,#2645,#2647,#2649,#2651,
#2653,#2655,#2657,#2659,#2661,#2663,#2665,#2667,#2669,#2671,#2673,#2675,#2677,
#2679,#2681,#2683,#2685,#2687));
#2689=FACE_OUTER_BOUND('',#2688,.F.);
#2690=ADVANCED_FACE('',(#2689),#2633,.T.);
#2691=CARTESIAN_POINT('',(0.E0,0.E0,-8.128E0));
#2692=DIRECTION('',(0.E0,0.E0,-1.E0));
#2693=DIRECTION('',(-1.E0,0.E0,0.E0));
#2694=AXIS2_PLACEMENT_3D('',#2691,#2692,#2693);
#2695=PLANE('',#2694);
#2697=ORIENTED_EDGE('',*,*,#2696,.F.);
#2699=ORIENTED_EDGE('',*,*,#2698,.F.);
#2701=ORIENTED_EDGE('',*,*,#2700,.F.);
#2702=ORIENTED_EDGE('',*,*,#2622,.F.);
#2703=ORIENTED_EDGE('',*,*,#2642,.F.);
#2705=ORIENTED_EDGE('',*,*,#2704,.T.);
#2707=ORIENTED_EDGE('',*,*,#2706,.T.);
#2709=ORIENTED_EDGE('',*,*,#2708,.F.);
#2710=ORIENTED_EDGE('',*,*,#2634,.F.);
#2712=ORIENTED_EDGE('',*,*,#2711,.T.);
#2714=ORIENTED_EDGE('',*,*,#2713,.T.);
#2716=ORIENTED_EDGE('',*,*,#2715,.F.);
#2717=ORIENTED_EDGE('',*,*,#2680,.F.);
#2719=ORIENTED_EDGE('',*,*,#2718,.T.);
#2721=ORIENTED_EDGE('',*,*,#2720,.T.);
#2723=ORIENTED_EDGE('',*,*,#2722,.F.);
#2724=ORIENTED_EDGE('',*,*,#2672,.F.);
#2726=ORIENTED_EDGE('',*,*,#2725,.T.);
#2728=ORIENTED_EDGE('',*,*,#2727,.T.);
#2730=ORIENTED_EDGE('',*,*,#2729,.F.);
#2731=ORIENTED_EDGE('',*,*,#2664,.F.);
#2733=ORIENTED_EDGE('',*,*,#2732,.T.);
#2735=ORIENTED_EDGE('',*,*,#2734,.T.);
#2737=ORIENTED_EDGE('',*,*,#2736,.F.);
#2738=ORIENTED_EDGE('',*,*,#2656,.F.);
#2740=ORIENTED_EDGE('',*,*,#2739,.F.);
#2742=ORIENTED_EDGE('',*,*,#2741,.T.);
#2744=ORIENTED_EDGE('',*,*,#2743,.T.);
#2745=ORIENTED_EDGE('',*,*,#2648,.F.);
#2747=ORIENTED_EDGE('',*,*,#2746,.F.);
#2749=ORIENTED_EDGE('',*,*,#2748,.F.);
#2751=ORIENTED_EDGE('',*,*,#2750,.T.);
#2753=ORIENTED_EDGE('',*,*,#2752,.F.);
#2755=ORIENTED_EDGE('',*,*,#2754,.F.);
#2757=ORIENTED_EDGE('',*,*,#2756,.F.);
#2759=ORIENTED_EDGE('',*,*,#2758,.T.);
#2761=ORIENTED_EDGE('',*,*,#2760,.F.);
#2763=ORIENTED_EDGE('',*,*,#2762,.F.);
#2765=ORIENTED_EDGE('',*,*,#2764,.F.);
#2767=ORIENTED_EDGE('',*,*,#2766,.T.);
#2769=ORIENTED_EDGE('',*,*,#2768,.F.);
#2771=ORIENTED_EDGE('',*,*,#2770,.F.);
#2773=ORIENTED_EDGE('',*,*,#2772,.F.);
#2775=ORIENTED_EDGE('',*,*,#2774,.T.);
#2777=ORIENTED_EDGE('',*,*,#2776,.F.);
#2779=ORIENTED_EDGE('',*,*,#2778,.F.);
#2781=ORIENTED_EDGE('',*,*,#2780,.F.);
#2783=ORIENTED_EDGE('',*,*,#2782,.T.);
#2785=ORIENTED_EDGE('',*,*,#2784,.F.);
#2787=ORIENTED_EDGE('',*,*,#2786,.F.);
#2789=ORIENTED_EDGE('',*,*,#2788,.F.);
#2791=ORIENTED_EDGE('',*,*,#2790,.T.);
#2792=EDGE_LOOP('',(#2697,#2699,#2701,#2702,#2703,#2705,#2707,#2709,#2710,#2712,
#2714,#2716,#2717,#2719,#2721,#2723,#2724,#2726,#2728,#2730,#2731,#2733,#2735,
#2737,#2738,#2740,#2742,#2744,#2745,#2747,#2749,#2751,#2753,#2755,#2757,#2759,
#2761,#2763,#2765,#2767,#2769,#2771,#2773,#2775,#2777,#2779,#2781,#2783,#2785,
#2787,#2789,#2791));
#2793=FACE_OUTER_BOUND('',#2792,.F.);
#2795=ORIENTED_EDGE('',*,*,#2794,.F.);
#2797=ORIENTED_EDGE('',*,*,#2796,.T.);
#2799=ORIENTED_EDGE('',*,*,#2798,.T.);
#2801=ORIENTED_EDGE('',*,*,#2800,.F.);
#2802=EDGE_LOOP('',(#2795,#2797,#2799,#2801));
#2803=FACE_BOUND('',#2802,.F.);
#2805=ORIENTED_EDGE('',*,*,#2804,.F.);
#2807=ORIENTED_EDGE('',*,*,#2806,.T.);
#2809=ORIENTED_EDGE('',*,*,#2808,.T.);
#2811=ORIENTED_EDGE('',*,*,#2810,.F.);
#2812=EDGE_LOOP('',(#2805,#2807,#2809,#2811));
#2813=FACE_BOUND('',#2812,.F.);
#2815=ORIENTED_EDGE('',*,*,#2814,.F.);
#2817=ORIENTED_EDGE('',*,*,#2816,.T.);
#2819=ORIENTED_EDGE('',*,*,#2818,.T.);
#2821=ORIENTED_EDGE('',*,*,#2820,.F.);
#2822=EDGE_LOOP('',(#2815,#2817,#2819,#2821));
#2823=FACE_BOUND('',#2822,.F.);
#2825=ORIENTED_EDGE('',*,*,#2824,.F.);
#2827=ORIENTED_EDGE('',*,*,#2826,.T.);
#2829=ORIENTED_EDGE('',*,*,#2828,.T.);
#2831=ORIENTED_EDGE('',*,*,#2830,.F.);
#2832=EDGE_LOOP('',(#2825,#2827,#2829,#2831));
#2833=FACE_BOUND('',#2832,.F.);
#2835=ORIENTED_EDGE('',*,*,#2834,.F.);
#2837=ORIENTED_EDGE('',*,*,#2836,.T.);
#2839=ORIENTED_EDGE('',*,*,#2838,.T.);
#2841=ORIENTED_EDGE('',*,*,#2840,.F.);
#2842=EDGE_LOOP('',(#2835,#2837,#2839,#2841));
#2843=FACE_BOUND('',#2842,.F.);
#2845=ORIENTED_EDGE('',*,*,#2844,.F.);
#2847=ORIENTED_EDGE('',*,*,#2846,.T.);
#2849=ORIENTED_EDGE('',*,*,#2848,.T.);
#2851=ORIENTED_EDGE('',*,*,#2850,.F.);
#2852=EDGE_LOOP('',(#2845,#2847,#2849,#2851));
#2853=FACE_BOUND('',#2852,.F.);
#2855=ORIENTED_EDGE('',*,*,#2854,.F.);
#2857=ORIENTED_EDGE('',*,*,#2856,.T.);
#2859=ORIENTED_EDGE('',*,*,#2858,.T.);
#2861=ORIENTED_EDGE('',*,*,#2860,.F.);
#2862=EDGE_LOOP('',(#2855,#2857,#2859,#2861));
#2863=FACE_BOUND('',#2862,.F.);
#2864=ADVANCED_FACE('',(#2793,#2803,#2813,#2823,#2833,#2843,#2853,#2863),#2695,
.T.);
#2865=CARTESIAN_POINT('',(0.E0,-1.27E0,0.E0));
#2866=DIRECTION('',(0.E0,-1.E0,0.E0));
#2867=DIRECTION('',(-1.E0,0.E0,0.E0));
#2868=AXIS2_PLACEMENT_3D('',#2865,#2866,#2867);
#2869=PLANE('',#2868);
#2870=ORIENTED_EDGE('',*,*,#2696,.T.);
#2872=ORIENTED_EDGE('',*,*,#2871,.T.);
#2874=ORIENTED_EDGE('',*,*,#2873,.T.);
#2876=ORIENTED_EDGE('',*,*,#2875,.T.);
#2877=EDGE_LOOP('',(#2870,#2872,#2874,#2876));
#2878=FACE_OUTER_BOUND('',#2877,.F.);
#2879=ADVANCED_FACE('',(#2878),#2869,.F.);
#2880=CARTESIAN_POINT('',(5.802706063252E0,-1.778E0,-8.128E0));
#2881=DIRECTION('',(-8.660254037844E-1,0.E0,-5.E-1));
#2882=DIRECTION('',(5.E-1,0.E0,-8.660254037844E-1));
#2883=AXIS2_PLACEMENT_3D('',#2880,#2881,#2882);
#2884=PLANE('',#2883);
#2885=ORIENTED_EDGE('',*,*,#2790,.F.);
#2887=ORIENTED_EDGE('',*,*,#2886,.T.);
#2889=ORIENTED_EDGE('',*,*,#2888,.T.);
#2890=ORIENTED_EDGE('',*,*,#2871,.F.);
#2891=EDGE_LOOP('',(#2885,#2887,#2889,#2890));
#2892=FACE_OUTER_BOUND('',#2891,.F.);
#2893=ADVANCED_FACE('',(#2892),#2884,.T.);
#2894=CARTESIAN_POINT('',(8.89E0,-1.778E0,0.E0));
#2895=DIRECTION('',(0.E0,-1.E0,0.E0));
#2896=DIRECTION('',(-1.E0,0.E0,0.E0));
#2897=AXIS2_PLACEMENT_3D('',#2894,#2895,#2896);
#2898=PLANE('',#2897);
#2899=ORIENTED_EDGE('',*,*,#2700,.T.);
#2901=ORIENTED_EDGE('',*,*,#2900,.F.);
#2903=ORIENTED_EDGE('',*,*,#2902,.F.);
#2904=ORIENTED_EDGE('',*,*,#2886,.F.);
#2905=ORIENTED_EDGE('',*,*,#2788,.T.);
#2907=ORIENTED_EDGE('',*,*,#2906,.F.);
#2909=ORIENTED_EDGE('',*,*,#2908,.F.);
#2911=ORIENTED_EDGE('',*,*,#2910,.F.);
#2912=ORIENTED_EDGE('',*,*,#2780,.T.);
#2914=ORIENTED_EDGE('',*,*,#2913,.F.);
#2916=ORIENTED_EDGE('',*,*,#2915,.F.);
#2918=ORIENTED_EDGE('',*,*,#2917,.F.);
#2919=ORIENTED_EDGE('',*,*,#2772,.T.);
#2921=ORIENTED_EDGE('',*,*,#2920,.F.);
#2923=ORIENTED_EDGE('',*,*,#2922,.F.);
#2925=ORIENTED_EDGE('',*,*,#2924,.F.);
#2926=ORIENTED_EDGE('',*,*,#2764,.T.);
#2928=ORIENTED_EDGE('',*,*,#2927,.F.);
#2930=ORIENTED_EDGE('',*,*,#2929,.F.);
#2932=ORIENTED_EDGE('',*,*,#2931,.F.);
#2933=ORIENTED_EDGE('',*,*,#2756,.T.);
#2935=ORIENTED_EDGE('',*,*,#2934,.F.);
#2937=ORIENTED_EDGE('',*,*,#2936,.F.);
#2939=ORIENTED_EDGE('',*,*,#2938,.F.);
#2940=ORIENTED_EDGE('',*,*,#2748,.T.);
#2942=ORIENTED_EDGE('',*,*,#2941,.F.);
#2943=ORIENTED_EDGE('',*,*,#2535,.F.);
#2944=ORIENTED_EDGE('',*,*,#2624,.T.);
#2945=EDGE_LOOP('',(#2899,#2901,#2903,#2904,#2905,#2907,#2909,#2911,#2912,#2914,
#2916,#2918,#2919,#2921,#2923,#2925,#2926,#2928,#2930,#2932,#2933,#2935,#2937,
#2939,#2940,#2942,#2943,#2944));
#2946=FACE_OUTER_BOUND('',#2945,.F.);
#2947=ADVANCED_FACE('',(#2946),#2898,.T.);
#2948=CARTESIAN_POINT('',(6.604E0,-1.778E0,-8.636E0));
#2949=DIRECTION('',(8.660254037844E-1,0.E0,-5.E-1));
#2950=DIRECTION('',(5.E-1,0.E0,8.660254037844E-1));
#2951=AXIS2_PLACEMENT_3D('',#2948,#2949,#2950);
#2952=PLANE('',#2951);
#2953=ORIENTED_EDGE('',*,*,#2698,.T.);
#2954=ORIENTED_EDGE('',*,*,#2875,.F.);
#2956=ORIENTED_EDGE('',*,*,#2955,.F.);
#2957=ORIENTED_EDGE('',*,*,#2900,.T.);
#2958=EDGE_LOOP('',(#2953,#2954,#2956,#2957));
#2959=FACE_OUTER_BOUND('',#2958,.F.);
#2960=ADVANCED_FACE('',(#2959),#2952,.T.);
#2961=CARTESIAN_POINT('',(6.096E0,-1.778E0,-8.636E0));
#2962=DIRECTION('',(0.E0,0.E0,-1.E0));
#2963=DIRECTION('',(1.E0,0.E0,0.E0));
#2964=AXIS2_PLACEMENT_3D('',#2961,#2962,#2963);
#2965=PLANE('',#2964);
#2966=ORIENTED_EDGE('',*,*,#2902,.T.);
#2967=ORIENTED_EDGE('',*,*,#2955,.T.);
#2968=ORIENTED_EDGE('',*,*,#2873,.F.);
#2969=ORIENTED_EDGE('',*,*,#2888,.F.);
#2970=EDGE_LOOP('',(#2966,#2967,#2968,#2969));
#2971=FACE_OUTER_BOUND('',#2970,.F.);
#2972=ADVANCED_FACE('',(#2971),#2965,.T.);
#2973=CARTESIAN_POINT('',(4.064E0,-1.778E0,-8.636E0));
#2974=DIRECTION('',(8.660254037844E-1,0.E0,-5.E-1));
#2975=DIRECTION('',(5.E-1,0.E0,8.660254037844E-1));
#2976=AXIS2_PLACEMENT_3D('',#2973,#2974,#2975);
#2977=PLANE('',#2976);
#2978=ORIENTED_EDGE('',*,*,#2786,.T.);
#2980=ORIENTED_EDGE('',*,*,#2979,.F.);
#2982=ORIENTED_EDGE('',*,*,#2981,.F.);
#2983=ORIENTED_EDGE('',*,*,#2906,.T.);
#2984=EDGE_LOOP('',(#2978,#2980,#2982,#2983));
#2985=FACE_OUTER_BOUND('',#2984,.F.);
#2986=ADVANCED_FACE('',(#2985),#2977,.T.);
#2987=CARTESIAN_POINT('',(0.E0,-1.27E0,0.E0));
#2988=DIRECTION('',(0.E0,-1.E0,0.E0));
#2989=DIRECTION('',(-1.E0,0.E0,0.E0));
#2990=AXIS2_PLACEMENT_3D('',#2987,#2988,#2989);
#2991=PLANE('',#2990);
#2992=ORIENTED_EDGE('',*,*,#2784,.T.);
#2994=ORIENTED_EDGE('',*,*,#2993,.T.);
#2996=ORIENTED_EDGE('',*,*,#2995,.T.);
#2997=ORIENTED_EDGE('',*,*,#2979,.T.);
#2998=EDGE_LOOP('',(#2992,#2994,#2996,#2997));
#2999=FACE_OUTER_BOUND('',#2998,.F.);
#3000=ADVANCED_FACE('',(#2999),#2991,.F.);
#3001=CARTESIAN_POINT('',(3.262706063252E0,-1.778E0,-8.128E0));
#3002=DIRECTION('',(-8.660254037844E-1,0.E0,-5.E-1));
#3003=DIRECTION('',(5.E-1,0.E0,-8.660254037844E-1));
#3004=AXIS2_PLACEMENT_3D('',#3001,#3002,#3003);
#3005=PLANE('',#3004);
#3006=ORIENTED_EDGE('',*,*,#2782,.F.);
#3007=ORIENTED_EDGE('',*,*,#2910,.T.);
#3009=ORIENTED_EDGE('',*,*,#3008,.T.);
#3010=ORIENTED_EDGE('',*,*,#2993,.F.);
#3011=EDGE_LOOP('',(#3006,#3007,#3009,#3010));
#3012=FACE_OUTER_BOUND('',#3011,.F.);
#3013=ADVANCED_FACE('',(#3012),#3005,.T.);
#3014=CARTESIAN_POINT('',(3.556E0,-1.778E0,-8.636E0));
#3015=DIRECTION('',(0.E0,0.E0,-1.E0));
#3016=DIRECTION('',(1.E0,0.E0,0.E0));
#3017=AXIS2_PLACEMENT_3D('',#3014,#3015,#3016);
#3018=PLANE('',#3017);
#3019=ORIENTED_EDGE('',*,*,#2908,.T.);
#3020=ORIENTED_EDGE('',*,*,#2981,.T.);
#3021=ORIENTED_EDGE('',*,*,#2995,.F.);
#3022=ORIENTED_EDGE('',*,*,#3008,.F.);
#3023=EDGE_LOOP('',(#3019,#3020,#3021,#3022));
#3024=FACE_OUTER_BOUND('',#3023,.F.);
#3025=ADVANCED_FACE('',(#3024),#3018,.T.);
#3026=CARTESIAN_POINT('',(1.524E0,-1.778E0,-8.636E0));
#3027=DIRECTION('',(8.660254037844E-1,0.E0,-5.E-1));
#3028=DIRECTION('',(5.E-1,0.E0,8.660254037844E-1));
#3029=AXIS2_PLACEMENT_3D('',#3026,#3027,#3028);
#3030=PLANE('',#3029);
#3031=ORIENTED_EDGE('',*,*,#2778,.T.);
#3033=ORIENTED_EDGE('',*,*,#3032,.F.);
#3035=ORIENTED_EDGE('',*,*,#3034,.F.);
#3036=ORIENTED_EDGE('',*,*,#2913,.T.);
#3037=EDGE_LOOP('',(#3031,#3033,#3035,#3036));
#3038=FACE_OUTER_BOUND('',#3037,.F.);
#3039=ADVANCED_FACE('',(#3038),#3030,.T.);
#3040=CARTESIAN_POINT('',(0.E0,-1.27E0,0.E0));
#3041=DIRECTION('',(0.E0,-1.E0,0.E0));
#3042=DIRECTION('',(-1.E0,0.E0,0.E0));
#3043=AXIS2_PLACEMENT_3D('',#3040,#3041,#3042);
#3044=PLANE('',#3043);
#3045=ORIENTED_EDGE('',*,*,#2776,.T.);
#3047=ORIENTED_EDGE('',*,*,#3046,.T.);
#3049=ORIENTED_EDGE('',*,*,#3048,.T.);
#3050=ORIENTED_EDGE('',*,*,#3032,.T.);
#3051=EDGE_LOOP('',(#3045,#3047,#3049,#3050));
#3052=FACE_OUTER_BOUND('',#3051,.F.);
#3053=ADVANCED_FACE('',(#3052),#3044,.F.);
#3054=CARTESIAN_POINT('',(7.227060632517E-1,-1.778E0,-8.128E0));
#3055=DIRECTION('',(-8.660254037844E-1,0.E0,-5.E-1));
#3056=DIRECTION('',(5.E-1,0.E0,-8.660254037844E-1));
#3057=AXIS2_PLACEMENT_3D('',#3054,#3055,#3056);
#3058=PLANE('',#3057);
#3059=ORIENTED_EDGE('',*,*,#2774,.F.);
#3060=ORIENTED_EDGE('',*,*,#2917,.T.);
#3062=ORIENTED_EDGE('',*,*,#3061,.T.);
#3063=ORIENTED_EDGE('',*,*,#3046,.F.);
#3064=EDGE_LOOP('',(#3059,#3060,#3062,#3063));
#3065=FACE_OUTER_BOUND('',#3064,.F.);
#3066=ADVANCED_FACE('',(#3065),#3058,.T.);
#3067=CARTESIAN_POINT('',(1.016E0,-1.778E0,-8.636E0));
#3068=DIRECTION('',(0.E0,0.E0,-1.E0));
#3069=DIRECTION('',(1.E0,0.E0,0.E0));
#3070=AXIS2_PLACEMENT_3D('',#3067,#3068,#3069);
#3071=PLANE('',#3070);
#3072=ORIENTED_EDGE('',*,*,#2915,.T.);
#3073=ORIENTED_EDGE('',*,*,#3034,.T.);
#3074=ORIENTED_EDGE('',*,*,#3048,.F.);
#3075=ORIENTED_EDGE('',*,*,#3061,.F.);
#3076=EDGE_LOOP('',(#3072,#3073,#3074,#3075));
#3077=FACE_OUTER_BOUND('',#3076,.F.);
#3078=ADVANCED_FACE('',(#3077),#3071,.T.);
#3079=CARTESIAN_POINT('',(-1.016E0,-1.778E0,-8.636E0));
#3080=DIRECTION('',(8.660254037844E-1,0.E0,-5.E-1));
#3081=DIRECTION('',(5.E-1,0.E0,8.660254037844E-1));
#3082=AXIS2_PLACEMENT_3D('',#3079,#3080,#3081);
#3083=PLANE('',#3082);
#3084=ORIENTED_EDGE('',*,*,#2770,.T.);
#3086=ORIENTED_EDGE('',*,*,#3085,.F.);
#3088=ORIENTED_EDGE('',*,*,#3087,.F.);
#3089=ORIENTED_EDGE('',*,*,#2920,.T.);
#3090=EDGE_LOOP('',(#3084,#3086,#3088,#3089));
#3091=FACE_OUTER_BOUND('',#3090,.F.);
#3092=ADVANCED_FACE('',(#3091),#3083,.T.);
#3093=CARTESIAN_POINT('',(0.E0,-1.27E0,0.E0));
#3094=DIRECTION('',(0.E0,-1.E0,0.E0));
#3095=DIRECTION('',(-1.E0,0.E0,0.E0));
#3096=AXIS2_PLACEMENT_3D('',#3093,#3094,#3095);
#3097=PLANE('',#3096);
#3098=ORIENTED_EDGE('',*,*,#2768,.T.);
#3100=ORIENTED_EDGE('',*,*,#3099,.T.);
#3102=ORIENTED_EDGE('',*,*,#3101,.T.);
#3103=ORIENTED_EDGE('',*,*,#3085,.T.);
#3104=EDGE_LOOP('',(#3098,#3100,#3102,#3103));
#3105=FACE_OUTER_BOUND('',#3104,.F.);
#3106=ADVANCED_FACE('',(#3105),#3097,.F.);
#3107=CARTESIAN_POINT('',(-1.817293936748E0,-1.778E0,-8.128E0));
#3108=DIRECTION('',(-8.660254037844E-1,0.E0,-5.E-1));
#3109=DIRECTION('',(5.E-1,0.E0,-8.660254037844E-1));
#3110=AXIS2_PLACEMENT_3D('',#3107,#3108,#3109);
#3111=PLANE('',#3110);
#3112=ORIENTED_EDGE('',*,*,#2766,.F.);
#3113=ORIENTED_EDGE('',*,*,#2924,.T.);
#3115=ORIENTED_EDGE('',*,*,#3114,.T.);
#3116=ORIENTED_EDGE('',*,*,#3099,.F.);
#3117=EDGE_LOOP('',(#3112,#3113,#3115,#3116));
#3118=FACE_OUTER_BOUND('',#3117,.F.);
#3119=ADVANCED_FACE('',(#3118),#3111,.T.);
#3120=CARTESIAN_POINT('',(-1.524E0,-1.778E0,-8.636E0));
#3121=DIRECTION('',(0.E0,0.E0,-1.E0));
#3122=DIRECTION('',(1.E0,0.E0,0.E0));
#3123=AXIS2_PLACEMENT_3D('',#3120,#3121,#3122);
#3124=PLANE('',#3123);
#3125=ORIENTED_EDGE('',*,*,#2922,.T.);
#3126=ORIENTED_EDGE('',*,*,#3087,.T.);
#3127=ORIENTED_EDGE('',*,*,#3101,.F.);
#3128=ORIENTED_EDGE('',*,*,#3114,.F.);
#3129=EDGE_LOOP('',(#3125,#3126,#3127,#3128));
#3130=FACE_OUTER_BOUND('',#3129,.F.);
#3131=ADVANCED_FACE('',(#3130),#3124,.T.);
#3132=CARTESIAN_POINT('',(-3.556E0,-1.778E0,-8.636E0));
#3133=DIRECTION('',(8.660254037844E-1,0.E0,-5.E-1));
#3134=DIRECTION('',(5.E-1,0.E0,8.660254037844E-1));
#3135=AXIS2_PLACEMENT_3D('',#3132,#3133,#3134);
#3136=PLANE('',#3135);
#3137=ORIENTED_EDGE('',*,*,#2762,.T.);
#3139=ORIENTED_EDGE('',*,*,#3138,.F.);
#3141=ORIENTED_EDGE('',*,*,#3140,.F.);
#3142=ORIENTED_EDGE('',*,*,#2927,.T.);
#3143=EDGE_LOOP('',(#3137,#3139,#3141,#3142));
#3144=FACE_OUTER_BOUND('',#3143,.F.);
#3145=ADVANCED_FACE('',(#3144),#3136,.T.);
#3146=CARTESIAN_POINT('',(0.E0,-1.27E0,0.E0));
#3147=DIRECTION('',(0.E0,-1.E0,0.E0));
#3148=DIRECTION('',(-1.E0,0.E0,0.E0));
#3149=AXIS2_PLACEMENT_3D('',#3146,#3147,#3148);
#3150=PLANE('',#3149);
#3151=ORIENTED_EDGE('',*,*,#2760,.T.);
#3153=ORIENTED_EDGE('',*,*,#3152,.T.);
#3155=ORIENTED_EDGE('',*,*,#3154,.T.);
#3156=ORIENTED_EDGE('',*,*,#3138,.T.);
#3157=EDGE_LOOP('',(#3151,#3153,#3155,#3156));
#3158=FACE_OUTER_BOUND('',#3157,.F.);
#3159=ADVANCED_FACE('',(#3158),#3150,.F.);
#3160=CARTESIAN_POINT('',(-4.357293936748E0,-1.778E0,-8.128E0));
#3161=DIRECTION('',(-8.660254037844E-1,0.E0,-5.E-1));
#3162=DIRECTION('',(5.E-1,0.E0,-8.660254037844E-1));
#3163=AXIS2_PLACEMENT_3D('',#3160,#3161,#3162);
#3164=PLANE('',#3163);
#3165=ORIENTED_EDGE('',*,*,#2758,.F.);
#3166=ORIENTED_EDGE('',*,*,#2931,.T.);
#3168=ORIENTED_EDGE('',*,*,#3167,.T.);
#3169=ORIENTED_EDGE('',*,*,#3152,.F.);
#3170=EDGE_LOOP('',(#3165,#3166,#3168,#3169));
#3171=FACE_OUTER_BOUND('',#3170,.F.);
#3172=ADVANCED_FACE('',(#3171),#3164,.T.);
#3173=CARTESIAN_POINT('',(-4.064E0,-1.778E0,-8.636E0));
#3174=DIRECTION('',(0.E0,0.E0,-1.E0));
#3175=DIRECTION('',(1.E0,0.E0,0.E0));
#3176=AXIS2_PLACEMENT_3D('',#3173,#3174,#3175);
#3177=PLANE('',#3176);
#3178=ORIENTED_EDGE('',*,*,#2929,.T.);
#3179=ORIENTED_EDGE('',*,*,#3140,.T.);
#3180=ORIENTED_EDGE('',*,*,#3154,.F.);
#3181=ORIENTED_EDGE('',*,*,#3167,.F.);
#3182=EDGE_LOOP('',(#3178,#3179,#3180,#3181));
#3183=FACE_OUTER_BOUND('',#3182,.F.);
#3184=ADVANCED_FACE('',(#3183),#3177,.T.);
#3185=CARTESIAN_POINT('',(-6.096E0,-1.778E0,-8.636E0));
#3186=DIRECTION('',(8.660254037844E-1,0.E0,-5.E-1));
#3187=DIRECTION('',(5.E-1,0.E0,8.660254037844E-1));
#3188=AXIS2_PLACEMENT_3D('',#3185,#3186,#3187);
#3189=PLANE('',#3188);
#3190=ORIENTED_EDGE('',*,*,#2934,.T.);
#3191=ORIENTED_EDGE('',*,*,#2754,.T.);
#3193=ORIENTED_EDGE('',*,*,#3192,.F.);
#3195=ORIENTED_EDGE('',*,*,#3194,.T.);
#3196=EDGE_LOOP('',(#3190,#3191,#3193,#3195));
#3197=FACE_OUTER_BOUND('',#3196,.F.);
#3198=ADVANCED_FACE('',(#3197),#3189,.T.);
#3199=CARTESIAN_POINT('',(0.E0,-1.27E0,0.E0));
#3200=DIRECTION('',(0.E0,-1.E0,0.E0));
#3201=DIRECTION('',(-1.E0,0.E0,0.E0));
#3202=AXIS2_PLACEMENT_3D('',#3199,#3200,#3201);
#3203=PLANE('',#3202);
#3204=ORIENTED_EDGE('',*,*,#2752,.T.);
#3206=ORIENTED_EDGE('',*,*,#3205,.T.);
#3208=ORIENTED_EDGE('',*,*,#3207,.F.);
#3209=ORIENTED_EDGE('',*,*,#3192,.T.);
#3210=EDGE_LOOP('',(#3204,#3206,#3208,#3209));
#3211=FACE_OUTER_BOUND('',#3210,.F.);
#3212=ADVANCED_FACE('',(#3211),#3203,.F.);
#3213=CARTESIAN_POINT('',(-6.897293936748E0,-1.778E0,-8.128E0));
#3214=DIRECTION('',(-8.660254037844E-1,0.E0,-5.E-1));
#3215=DIRECTION('',(5.E-1,0.E0,-8.660254037844E-1));
#3216=AXIS2_PLACEMENT_3D('',#3213,#3214,#3215);
#3217=PLANE('',#3216);
#3218=ORIENTED_EDGE('',*,*,#2938,.T.);
#3220=ORIENTED_EDGE('',*,*,#3219,.F.);
#3221=ORIENTED_EDGE('',*,*,#3205,.F.);
#3222=ORIENTED_EDGE('',*,*,#2750,.F.);
#3223=EDGE_LOOP('',(#3218,#3220,#3221,#3222));
#3224=FACE_OUTER_BOUND('',#3223,.F.);
#3225=ADVANCED_FACE('',(#3224),#3217,.T.);
#3226=CARTESIAN_POINT('',(-6.604E0,-1.778E0,-8.636E0));
#3227=DIRECTION('',(0.E0,0.E0,-1.E0));
#3228=DIRECTION('',(1.E0,0.E0,0.E0));
#3229=AXIS2_PLACEMENT_3D('',#3226,#3227,#3228);
#3230=PLANE('',#3229);
#3231=ORIENTED_EDGE('',*,*,#2936,.T.);
#3232=ORIENTED_EDGE('',*,*,#3194,.F.);
#3233=ORIENTED_EDGE('',*,*,#3207,.T.);
#3234=ORIENTED_EDGE('',*,*,#3219,.T.);
#3235=EDGE_LOOP('',(#3231,#3232,#3233,#3234));
#3236=FACE_OUTER_BOUND('',#3235,.F.);
#3237=ADVANCED_FACE('',(#3236),#3230,.T.);
#3238=CARTESIAN_POINT('',(-8.89E0,-1.778E0,0.E0));
#3239=DIRECTION('',(-1.E0,0.E0,0.E0));
#3240=DIRECTION('',(0.E0,1.E0,0.E0));
#3241=AXIS2_PLACEMENT_3D('',#3238,#3239,#3240);
#3242=PLANE('',#3241);
#3243=ORIENTED_EDGE('',*,*,#2537,.F.);
#3244=ORIENTED_EDGE('',*,*,#2941,.T.);
#3245=ORIENTED_EDGE('',*,*,#2746,.T.);
#3246=ORIENTED_EDGE('',*,*,#2646,.F.);
#3247=EDGE_LOOP('',(#3243,#3244,#3245,#3246));
#3248=FACE_OUTER_BOUND('',#3247,.F.);
#3249=ADVANCED_FACE('',(#3248),#3242,.T.);
#3250=CARTESIAN_POINT('',(6.604E0,1.778E0,-8.636E0));
#3251=DIRECTION('',(8.660254037844E-1,0.E0,-5.E-1));
#3252=DIRECTION('',(5.E-1,0.E0,8.660254037844E-1));
#3253=AXIS2_PLACEMENT_3D('',#3250,#3251,#3252);
#3254=PLANE('',#3253);
#3255=ORIENTED_EDGE('',*,*,#2704,.F.);
#3256=ORIENTED_EDGE('',*,*,#2640,.F.);
#3258=ORIENTED_EDGE('',*,*,#3257,.T.);
#3260=ORIENTED_EDGE('',*,*,#3259,.T.);
#3261=EDGE_LOOP('',(#3255,#3256,#3258,#3260));
#3262=FACE_OUTER_BOUND('',#3261,.F.);
#3263=ADVANCED_FACE('',(#3262),#3254,.T.);
#3264=CARTESIAN_POINT('',(6.096E0,1.778E0,-8.636E0));
#3265=DIRECTION('',(0.E0,0.E0,-1.E0));
#3266=DIRECTION('',(1.E0,0.E0,0.E0));
#3267=AXIS2_PLACEMENT_3D('',#3264,#3265,#3266);
#3268=PLANE('',#3267);
#3269=ORIENTED_EDGE('',*,*,#2638,.F.);
#3271=ORIENTED_EDGE('',*,*,#3270,.T.);
#3273=ORIENTED_EDGE('',*,*,#3272,.T.);
#3274=ORIENTED_EDGE('',*,*,#3257,.F.);
#3275=EDGE_LOOP('',(#3269,#3271,#3273,#3274));
#3276=FACE_OUTER_BOUND('',#3275,.F.);
#3277=ADVANCED_FACE('',(#3276),#3268,.T.);
#3278=CARTESIAN_POINT('',(5.802706063252E0,1.778E0,-8.128E0));
#3279=DIRECTION('',(-8.660254037844E-1,0.E0,-5.E-1));
#3280=DIRECTION('',(5.E-1,0.E0,-8.660254037844E-1));
#3281=AXIS2_PLACEMENT_3D('',#3278,#3279,#3280);
#3282=PLANE('',#3281);
#3283=ORIENTED_EDGE('',*,*,#2708,.T.);
#3285=ORIENTED_EDGE('',*,*,#3284,.T.);
#3286=ORIENTED_EDGE('',*,*,#3270,.F.);
#3287=ORIENTED_EDGE('',*,*,#2636,.F.);
#3288=EDGE_LOOP('',(#3283,#3285,#3286,#3287));
#3289=FACE_OUTER_BOUND('',#3288,.F.);
#3290=ADVANCED_FACE('',(#3289),#3282,.T.);
#3291=CARTESIAN_POINT('',(0.E0,1.27E0,0.E0));
#3292=DIRECTION('',(0.E0,-1.E0,0.E0));
#3293=DIRECTION('',(-1.E0,0.E0,0.E0));
#3294=AXIS2_PLACEMENT_3D('',#3291,#3292,#3293);
#3295=PLANE('',#3294);
#3296=ORIENTED_EDGE('',*,*,#2706,.F.);
#3297=ORIENTED_EDGE('',*,*,#3259,.F.);
#3298=ORIENTED_EDGE('',*,*,#3272,.F.);
#3299=ORIENTED_EDGE('',*,*,#3284,.F.);
#3300=EDGE_LOOP('',(#3296,#3297,#3298,#3299));
#3301=FACE_OUTER_BOUND('',#3300,.F.);
#3302=ADVANCED_FACE('',(#3301),#3295,.T.);
#3303=CARTESIAN_POINT('',(4.064E0,1.778E0,-8.636E0));
#3304=DIRECTION('',(8.660254037844E-1,0.E0,-5.E-1));
#3305=DIRECTION('',(5.E-1,0.E0,8.660254037844E-1));
#3306=AXIS2_PLACEMENT_3D('',#3303,#3304,#3305);
#3307=PLANE('',#3306);
#3308=ORIENTED_EDGE('',*,*,#2711,.F.);
#3309=ORIENTED_EDGE('',*,*,#2686,.F.);
#3311=ORIENTED_EDGE('',*,*,#3310,.T.);
#3313=ORIENTED_EDGE('',*,*,#3312,.T.);
#3314=EDGE_LOOP('',(#3308,#3309,#3311,#3313));
#3315=FACE_OUTER_BOUND('',#3314,.F.);
#3316=ADVANCED_FACE('',(#3315),#3307,.T.);
#3317=CARTESIAN_POINT('',(3.556E0,1.778E0,-8.636E0));
#3318=DIRECTION('',(0.E0,0.E0,-1.E0));
#3319=DIRECTION('',(1.E0,0.E0,0.E0));
#3320=AXIS2_PLACEMENT_3D('',#3317,#3318,#3319);
#3321=PLANE('',#3320);
#3322=ORIENTED_EDGE('',*,*,#2684,.F.);
#3324=ORIENTED_EDGE('',*,*,#3323,.T.);
#3326=ORIENTED_EDGE('',*,*,#3325,.T.);
#3327=ORIENTED_EDGE('',*,*,#3310,.F.);
#3328=EDGE_LOOP('',(#3322,#3324,#3326,#3327));
#3329=FACE_OUTER_BOUND('',#3328,.F.);
#3330=ADVANCED_FACE('',(#3329),#3321,.T.);
#3331=CARTESIAN_POINT('',(3.262706063252E0,1.778E0,-8.128E0));
#3332=DIRECTION('',(-8.660254037844E-1,0.E0,-5.E-1));
#3333=DIRECTION('',(5.E-1,0.E0,-8.660254037844E-1));
#3334=AXIS2_PLACEMENT_3D('',#3331,#3332,#3333);
#3335=PLANE('',#3334);
#3336=ORIENTED_EDGE('',*,*,#2715,.T.);
#3338=ORIENTED_EDGE('',*,*,#3337,.T.);
#3339=ORIENTED_EDGE('',*,*,#3323,.F.);
#3340=ORIENTED_EDGE('',*,*,#2682,.F.);
#3341=EDGE_LOOP('',(#3336,#3338,#3339,#3340));
#3342=FACE_OUTER_BOUND('',#3341,.F.);
#3343=ADVANCED_FACE('',(#3342),#3335,.T.);
#3344=CARTESIAN_POINT('',(0.E0,1.27E0,0.E0));
#3345=DIRECTION('',(0.E0,-1.E0,0.E0));
#3346=DIRECTION('',(-1.E0,0.E0,0.E0));
#3347=AXIS2_PLACEMENT_3D('',#3344,#3345,#3346);
#3348=PLANE('',#3347);
#3349=ORIENTED_EDGE('',*,*,#2713,.F.);
#3350=ORIENTED_EDGE('',*,*,#3312,.F.);
#3351=ORIENTED_EDGE('',*,*,#3325,.F.);
#3352=ORIENTED_EDGE('',*,*,#3337,.F.);
#3353=EDGE_LOOP('',(#3349,#3350,#3351,#3352));
#3354=FACE_OUTER_BOUND('',#3353,.F.);
#3355=ADVANCED_FACE('',(#3354),#3348,.T.);
#3356=CARTESIAN_POINT('',(1.524E0,1.778E0,-8.636E0));
#3357=DIRECTION('',(8.660254037844E-1,0.E0,-5.E-1));
#3358=DIRECTION('',(5.E-1,0.E0,8.660254037844E-1));
#3359=AXIS2_PLACEMENT_3D('',#3356,#3357,#3358);
#3360=PLANE('',#3359);
#3361=ORIENTED_EDGE('',*,*,#2718,.F.);
#3362=ORIENTED_EDGE('',*,*,#2678,.F.);
#3364=ORIENTED_EDGE('',*,*,#3363,.T.);
#3366=ORIENTED_EDGE('',*,*,#3365,.T.);
#3367=EDGE_LOOP('',(#3361,#3362,#3364,#3366));
#3368=FACE_OUTER_BOUND('',#3367,.F.);
#3369=ADVANCED_FACE('',(#3368),#3360,.T.);
#3370=CARTESIAN_POINT('',(1.016E0,1.778E0,-8.636E0));
#3371=DIRECTION('',(0.E0,0.E0,-1.E0));
#3372=DIRECTION('',(1.E0,0.E0,0.E0));
#3373=AXIS2_PLACEMENT_3D('',#3370,#3371,#3372);
#3374=PLANE('',#3373);
#3375=ORIENTED_EDGE('',*,*,#2676,.F.);
#3377=ORIENTED_EDGE('',*,*,#3376,.T.);
#3379=ORIENTED_EDGE('',*,*,#3378,.T.);
#3380=ORIENTED_EDGE('',*,*,#3363,.F.);
#3381=EDGE_LOOP('',(#3375,#3377,#3379,#3380));
#3382=FACE_OUTER_BOUND('',#3381,.F.);
#3383=ADVANCED_FACE('',(#3382),#3374,.T.);
#3384=CARTESIAN_POINT('',(7.227060632517E-1,1.778E0,-8.128E0));
#3385=DIRECTION('',(-8.660254037844E-1,0.E0,-5.E-1));
#3386=DIRECTION('',(5.E-1,0.E0,-8.660254037844E-1));
#3387=AXIS2_PLACEMENT_3D('',#3384,#3385,#3386);
#3388=PLANE('',#3387);
#3389=ORIENTED_EDGE('',*,*,#2722,.T.);
#3391=ORIENTED_EDGE('',*,*,#3390,.T.);
#3392=ORIENTED_EDGE('',*,*,#3376,.F.);
#3393=ORIENTED_EDGE('',*,*,#2674,.F.);
#3394=EDGE_LOOP('',(#3389,#3391,#3392,#3393));
#3395=FACE_OUTER_BOUND('',#3394,.F.);
#3396=ADVANCED_FACE('',(#3395),#3388,.T.);
#3397=CARTESIAN_POINT('',(0.E0,1.27E0,0.E0));
#3398=DIRECTION('',(0.E0,-1.E0,0.E0));
#3399=DIRECTION('',(-1.E0,0.E0,0.E0));
#3400=AXIS2_PLACEMENT_3D('',#3397,#3398,#3399);
#3401=PLANE('',#3400);
#3402=ORIENTED_EDGE('',*,*,#2720,.F.);
#3403=ORIENTED_EDGE('',*,*,#3365,.F.);
#3404=ORIENTED_EDGE('',*,*,#3378,.F.);
#3405=ORIENTED_EDGE('',*,*,#3390,.F.);
#3406=EDGE_LOOP('',(#3402,#3403,#3404,#3405));
#3407=FACE_OUTER_BOUND('',#3406,.F.);
#3408=ADVANCED_FACE('',(#3407),#3401,.T.);
#3409=CARTESIAN_POINT('',(-1.016E0,1.778E0,-8.636E0));
#3410=DIRECTION('',(8.660254037844E-1,0.E0,-5.E-1));
#3411=DIRECTION('',(5.E-1,0.E0,8.660254037844E-1));
#3412=AXIS2_PLACEMENT_3D('',#3409,#3410,#3411);
#3413=PLANE('',#3412);
#3414=ORIENTED_EDGE('',*,*,#2725,.F.);
#3415=ORIENTED_EDGE('',*,*,#2670,.F.);
#3417=ORIENTED_EDGE('',*,*,#3416,.T.);
#3419=ORIENTED_EDGE('',*,*,#3418,.T.);
#3420=EDGE_LOOP('',(#3414,#3415,#3417,#3419));
#3421=FACE_OUTER_BOUND('',#3420,.F.);
#3422=ADVANCED_FACE('',(#3421),#3413,.T.);
#3423=CARTESIAN_POINT('',(-1.524E0,1.778E0,-8.636E0));
#3424=DIRECTION('',(0.E0,0.E0,-1.E0));
#3425=DIRECTION('',(1.E0,0.E0,0.E0));
#3426=AXIS2_PLACEMENT_3D('',#3423,#3424,#3425);
#3427=PLANE('',#3426);
#3428=ORIENTED_EDGE('',*,*,#2668,.F.);
#3430=ORIENTED_EDGE('',*,*,#3429,.T.);
#3432=ORIENTED_EDGE('',*,*,#3431,.T.);
#3433=ORIENTED_EDGE('',*,*,#3416,.F.);
#3434=EDGE_LOOP('',(#3428,#3430,#3432,#3433));
#3435=FACE_OUTER_BOUND('',#3434,.F.);
#3436=ADVANCED_FACE('',(#3435),#3427,.T.);
#3437=CARTESIAN_POINT('',(-1.817293936748E0,1.778E0,-8.128E0));
#3438=DIRECTION('',(-8.660254037844E-1,0.E0,-5.E-1));
#3439=DIRECTION('',(5.E-1,0.E0,-8.660254037844E-1));
#3440=AXIS2_PLACEMENT_3D('',#3437,#3438,#3439);
#3441=PLANE('',#3440);
#3442=ORIENTED_EDGE('',*,*,#2729,.T.);
#3444=ORIENTED_EDGE('',*,*,#3443,.T.);
#3445=ORIENTED_EDGE('',*,*,#3429,.F.);
#3446=ORIENTED_EDGE('',*,*,#2666,.F.);
#3447=EDGE_LOOP('',(#3442,#3444,#3445,#3446));
#3448=FACE_OUTER_BOUND('',#3447,.F.);
#3449=ADVANCED_FACE('',(#3448),#3441,.T.);
#3450=CARTESIAN_POINT('',(0.E0,1.27E0,0.E0));
#3451=DIRECTION('',(0.E0,-1.E0,0.E0));
#3452=DIRECTION('',(-1.E0,0.E0,0.E0));
#3453=AXIS2_PLACEMENT_3D('',#3450,#3451,#3452);
#3454=PLANE('',#3453);
#3455=ORIENTED_EDGE('',*,*,#2727,.F.);
#3456=ORIENTED_EDGE('',*,*,#3418,.F.);
#3457=ORIENTED_EDGE('',*,*,#3431,.F.);
#3458=ORIENTED_EDGE('',*,*,#3443,.F.);
#3459=EDGE_LOOP('',(#3455,#3456,#3457,#3458));
#3460=FACE_OUTER_BOUND('',#3459,.F.);
#3461=ADVANCED_FACE('',(#3460),#3454,.T.);
#3462=CARTESIAN_POINT('',(-3.556E0,1.778E0,-8.636E0));
#3463=DIRECTION('',(8.660254037844E-1,0.E0,-5.E-1));
#3464=DIRECTION('',(5.E-1,0.E0,8.660254037844E-1));
#3465=AXIS2_PLACEMENT_3D('',#3462,#3463,#3464);
#3466=PLANE('',#3465);
#3467=ORIENTED_EDGE('',*,*,#2732,.F.);
#3468=ORIENTED_EDGE('',*,*,#2662,.F.);
#3470=ORIENTED_EDGE('',*,*,#3469,.T.);
#3472=ORIENTED_EDGE('',*,*,#3471,.T.);
#3473=EDGE_LOOP('',(#3467,#3468,#3470,#3472));
#3474=FACE_OUTER_BOUND('',#3473,.F.);
#3475=ADVANCED_FACE('',(#3474),#3466,.T.);
#3476=CARTESIAN_POINT('',(-4.064E0,1.778E0,-8.636E0));
#3477=DIRECTION('',(0.E0,0.E0,-1.E0));
#3478=DIRECTION('',(1.E0,0.E0,0.E0));
#3479=AXIS2_PLACEMENT_3D('',#3476,#3477,#3478);
#3480=PLANE('',#3479);
#3481=ORIENTED_EDGE('',*,*,#2660,.F.);
#3483=ORIENTED_EDGE('',*,*,#3482,.T.);
#3485=ORIENTED_EDGE('',*,*,#3484,.T.);
#3486=ORIENTED_EDGE('',*,*,#3469,.F.);
#3487=EDGE_LOOP('',(#3481,#3483,#3485,#3486));
#3488=FACE_OUTER_BOUND('',#3487,.F.);
#3489=ADVANCED_FACE('',(#3488),#3480,.T.);
#3490=CARTESIAN_POINT('',(-4.357293936748E0,1.778E0,-8.128E0));
#3491=DIRECTION('',(-8.660254037844E-1,0.E0,-5.E-1));
#3492=DIRECTION('',(5.E-1,0.E0,-8.660254037844E-1));
#3493=AXIS2_PLACEMENT_3D('',#3490,#3491,#3492);
#3494=PLANE('',#3493);
#3495=ORIENTED_EDGE('',*,*,#2736,.T.);
#3497=ORIENTED_EDGE('',*,*,#3496,.T.);
#3498=ORIENTED_EDGE('',*,*,#3482,.F.);
#3499=ORIENTED_EDGE('',*,*,#2658,.F.);
#3500=EDGE_LOOP('',(#3495,#3497,#3498,#3499));
#3501=FACE_OUTER_BOUND('',#3500,.F.);
#3502=ADVANCED_FACE('',(#3501),#3494,.T.);
#3503=CARTESIAN_POINT('',(0.E0,1.27E0,0.E0));
#3504=DIRECTION('',(0.E0,-1.E0,0.E0));
#3505=DIRECTION('',(-1.E0,0.E0,0.E0));
#3506=AXIS2_PLACEMENT_3D('',#3503,#3504,#3505);
#3507=PLANE('',#3506);
#3508=ORIENTED_EDGE('',*,*,#2734,.F.);
#3509=ORIENTED_EDGE('',*,*,#3471,.F.);
#3510=ORIENTED_EDGE('',*,*,#3484,.F.);
#3511=ORIENTED_EDGE('',*,*,#3496,.F.);
#3512=EDGE_LOOP('',(#3508,#3509,#3510,#3511));
#3513=FACE_OUTER_BOUND('',#3512,.F.);
#3514=ADVANCED_FACE('',(#3513),#3507,.T.);
#3515=CARTESIAN_POINT('',(-6.096E0,1.778E0,-8.636E0));
#3516=DIRECTION('',(8.660254037844E-1,0.E0,-5.E-1));
#3517=DIRECTION('',(5.E-1,0.E0,8.660254037844E-1));
#3518=AXIS2_PLACEMENT_3D('',#3515,#3516,#3517);
#3519=PLANE('',#3518);
#3520=ORIENTED_EDGE('',*,*,#2739,.T.);
#3521=ORIENTED_EDGE('',*,*,#2654,.F.);
#3523=ORIENTED_EDGE('',*,*,#3522,.T.);
#3525=ORIENTED_EDGE('',*,*,#3524,.T.);
#3526=EDGE_LOOP('',(#3520,#3521,#3523,#3525));
#3527=FACE_OUTER_BOUND('',#3526,.F.);
#3528=ADVANCED_FACE('',(#3527),#3519,.T.);
#3529=CARTESIAN_POINT('',(-6.604E0,1.778E0,-8.636E0));
#3530=DIRECTION('',(0.E0,0.E0,-1.E0));
#3531=DIRECTION('',(1.E0,0.E0,0.E0));
#3532=AXIS2_PLACEMENT_3D('',#3529,#3530,#3531);
#3533=PLANE('',#3532);
#3534=ORIENTED_EDGE('',*,*,#2652,.F.);
#3536=ORIENTED_EDGE('',*,*,#3535,.T.);
#3538=ORIENTED_EDGE('',*,*,#3537,.T.);
#3539=ORIENTED_EDGE('',*,*,#3522,.F.);
#3540=EDGE_LOOP('',(#3534,#3536,#3538,#3539));
#3541=FACE_OUTER_BOUND('',#3540,.F.);
#3542=ADVANCED_FACE('',(#3541),#3533,.T.);
#3543=CARTESIAN_POINT('',(-6.897293936748E0,1.778E0,-8.128E0));
#3544=DIRECTION('',(-8.660254037844E-1,0.E0,-5.E-1));
#3545=DIRECTION('',(5.E-1,0.E0,-8.660254037844E-1));
#3546=AXIS2_PLACEMENT_3D('',#3543,#3544,#3545);
#3547=PLANE('',#3546);
#3548=ORIENTED_EDGE('',*,*,#2743,.F.);
#3550=ORIENTED_EDGE('',*,*,#3549,.T.);
#3551=ORIENTED_EDGE('',*,*,#3535,.F.);
#3552=ORIENTED_EDGE('',*,*,#2650,.F.);
#3553=EDGE_LOOP('',(#3548,#3550,#3551,#3552));
#3554=FACE_OUTER_BOUND('',#3553,.F.);
#3555=ADVANCED_FACE('',(#3554),#3547,.T.);
#3556=CARTESIAN_POINT('',(0.E0,1.27E0,0.E0));
#3557=DIRECTION('',(0.E0,-1.E0,0.E0));
#3558=DIRECTION('',(-1.E0,0.E0,0.E0));
#3559=AXIS2_PLACEMENT_3D('',#3556,#3557,#3558);
#3560=PLANE('',#3559);
#3561=ORIENTED_EDGE('',*,*,#2741,.F.);
#3562=ORIENTED_EDGE('',*,*,#3524,.F.);
#3563=ORIENTED_EDGE('',*,*,#3537,.F.);
#3564=ORIENTED_EDGE('',*,*,#3549,.F.);
#3565=EDGE_LOOP('',(#3561,#3562,#3563,#3564));
#3566=FACE_OUTER_BOUND('',#3565,.F.);
#3567=ADVANCED_FACE('',(#3566),#3560,.T.);
#3568=CARTESIAN_POINT('',(-7.96925E0,0.E0,-8.128E0));
#3569=DIRECTION('',(1.E0,0.E0,0.E0));
#3570=DIRECTION('',(0.E0,-1.E0,0.E0));
#3571=AXIS2_PLACEMENT_3D('',#3568,#3569,#3570);
#3572=PLANE('',#3571);
#3574=ORIENTED_EDGE('',*,*,#3573,.T.);
#3576=ORIENTED_EDGE('',*,*,#3575,.T.);
#3578=ORIENTED_EDGE('',*,*,#3577,.T.);
#3579=ORIENTED_EDGE('',*,*,#2794,.T.);
#3580=EDGE_LOOP('',(#3574,#3576,#3578,#3579));
#3581=FACE_OUTER_BOUND('',#3580,.F.);
#3582=ADVANCED_FACE('',(#3581),#3572,.F.);
#3583=CARTESIAN_POINT('',(-7.96925E0,-1.27E-1,-8.128E0));
#3584=DIRECTION('',(0.E0,-1.E0,0.E0));
#3585=DIRECTION('',(0.E0,0.E0,-1.E0));
#3586=AXIS2_PLACEMENT_3D('',#3583,#3584,#3585);
#3587=PLANE('',#3586);
#3588=ORIENTED_EDGE('',*,*,#3573,.F.);
#3589=ORIENTED_EDGE('',*,*,#2800,.T.);
#3591=ORIENTED_EDGE('',*,*,#3590,.T.);
#3593=ORIENTED_EDGE('',*,*,#3592,.F.);
#3594=EDGE_LOOP('',(#3588,#3589,#3591,#3593));
#3595=FACE_OUTER_BOUND('',#3594,.F.);
#3596=ADVANCED_FACE('',(#3595),#3587,.T.);
#3597=CARTESIAN_POINT('',(-7.27075E0,0.E0,-8.128E0));
#3598=DIRECTION('',(1.E0,0.E0,0.E0));
#3599=DIRECTION('',(0.E0,-1.E0,0.E0));
#3600=AXIS2_PLACEMENT_3D('',#3597,#3598,#3599);
#3601=PLANE('',#3600);
#3602=ORIENTED_EDGE('',*,*,#3590,.F.);
#3603=ORIENTED_EDGE('',*,*,#2798,.F.);
#3605=ORIENTED_EDGE('',*,*,#3604,.F.);
#3607=ORIENTED_EDGE('',*,*,#3606,.F.);
#3608=EDGE_LOOP('',(#3602,#3603,#3605,#3607));
#3609=FACE_OUTER_BOUND('',#3608,.F.);
#3610=ADVANCED_FACE('',(#3609),#3601,.T.);
#3611=CARTESIAN_POINT('',(-7.96925E0,1.27E-1,-1.1557E1));
#3612=DIRECTION('',(0.E0,1.E0,0.E0));
#3613=DIRECTION('',(0.E0,0.E0,1.E0));
#3614=AXIS2_PLACEMENT_3D('',#3611,#3612,#3613);
#3615=PLANE('',#3614);
#3616=ORIENTED_EDGE('',*,*,#3577,.F.);
#3618=ORIENTED_EDGE('',*,*,#3617,.T.);
#3619=ORIENTED_EDGE('',*,*,#3604,.T.);
#3620=ORIENTED_EDGE('',*,*,#2796,.F.);
#3621=EDGE_LOOP('',(#3616,#3618,#3619,#3620));
#3622=FACE_OUTER_BOUND('',#3621,.F.);
#3623=ADVANCED_FACE('',(#3622),#3615,.T.);
#3624=CARTESIAN_POINT('',(-7.96925E0,-1.27E-1,-1.1557E1));
#3625=DIRECTION('',(0.E0,0.E0,-1.E0));
#3626=DIRECTION('',(0.E0,1.E0,0.E0));
#3627=AXIS2_PLACEMENT_3D('',#3624,#3625,#3626);
#3628=PLANE('',#3627);
#3629=ORIENTED_EDGE('',*,*,#3575,.F.);
#3630=ORIENTED_EDGE('',*,*,#3592,.T.);
#3631=ORIENTED_EDGE('',*,*,#3606,.T.);
#3632=ORIENTED_EDGE('',*,*,#3617,.F.);
#3633=EDGE_LOOP('',(#3629,#3630,#3631,#3632));
#3634=FACE_OUTER_BOUND('',#3633,.F.);
#3635=ADVANCED_FACE('',(#3634),#3628,.T.);
#3636=CARTESIAN_POINT('',(-5.42925E0,0.E0,-8.128E0));
#3637=DIRECTION('',(1.E0,0.E0,0.E0));
#3638=DIRECTION('',(0.E0,-1.E0,0.E0));
#3639=AXIS2_PLACEMENT_3D('',#3636,#3637,#3638);
#3640=PLANE('',#3639);
#3641=ORIENTED_EDGE('',*,*,#2804,.T.);
#3643=ORIENTED_EDGE('',*,*,#3642,.T.);
#3645=ORIENTED_EDGE('',*,*,#3644,.T.);
#3647=ORIENTED_EDGE('',*,*,#3646,.T.);
#3648=EDGE_LOOP('',(#3641,#3643,#3645,#3647));
#3649=FACE_OUTER_BOUND('',#3648,.F.);
#3650=ADVANCED_FACE('',(#3649),#3640,.F.);
#3651=CARTESIAN_POINT('',(-5.42925E0,-1.27E-1,-8.128E0));
#3652=DIRECTION('',(0.E0,-1.E0,0.E0));
#3653=DIRECTION('',(0.E0,0.E0,-1.E0));
#3654=AXIS2_PLACEMENT_3D('',#3651,#3652,#3653);
#3655=PLANE('',#3654);
#3656=ORIENTED_EDGE('',*,*,#2810,.T.);
#3658=ORIENTED_EDGE('',*,*,#3657,.T.);
#3660=ORIENTED_EDGE('',*,*,#3659,.F.);
#3661=ORIENTED_EDGE('',*,*,#3642,.F.);
#3662=EDGE_LOOP('',(#3656,#3658,#3660,#3661));
#3663=FACE_OUTER_BOUND('',#3662,.F.);
#3664=ADVANCED_FACE('',(#3663),#3655,.T.);
#3665=CARTESIAN_POINT('',(-4.73075E0,0.E0,-8.128E0));
#3666=DIRECTION('',(1.E0,0.E0,0.E0));
#3667=DIRECTION('',(0.E0,-1.E0,0.E0));
#3668=AXIS2_PLACEMENT_3D('',#3665,#3666,#3667);
#3669=PLANE('',#3668);
#3670=ORIENTED_EDGE('',*,*,#2808,.F.);
#3672=ORIENTED_EDGE('',*,*,#3671,.F.);
#3674=ORIENTED_EDGE('',*,*,#3673,.F.);
#3675=ORIENTED_EDGE('',*,*,#3657,.F.);
#3676=EDGE_LOOP('',(#3670,#3672,#3674,#3675));
#3677=FACE_OUTER_BOUND('',#3676,.F.);
#3678=ADVANCED_FACE('',(#3677),#3669,.T.);
#3679=CARTESIAN_POINT('',(-5.42925E0,1.27E-1,-1.1557E1));
#3680=DIRECTION('',(0.E0,1.E0,0.E0));
#3681=DIRECTION('',(0.E0,0.E0,1.E0));
#3682=AXIS2_PLACEMENT_3D('',#3679,#3680,#3681);
#3683=PLANE('',#3682);
#3684=ORIENTED_EDGE('',*,*,#2806,.F.);
#3685=ORIENTED_EDGE('',*,*,#3646,.F.);
#3687=ORIENTED_EDGE('',*,*,#3686,.T.);
#3688=ORIENTED_EDGE('',*,*,#3671,.T.);
#3689=EDGE_LOOP('',(#3684,#3685,#3687,#3688));
#3690=FACE_OUTER_BOUND('',#3689,.F.);
#3691=ADVANCED_FACE('',(#3690),#3683,.T.);
#3692=CARTESIAN_POINT('',(-5.42925E0,-1.27E-1,-1.1557E1));
#3693=DIRECTION('',(0.E0,0.E0,-1.E0));
#3694=DIRECTION('',(0.E0,1.E0,0.E0));
#3695=AXIS2_PLACEMENT_3D('',#3692,#3693,#3694);
#3696=PLANE('',#3695);
#3697=ORIENTED_EDGE('',*,*,#3644,.F.);
#3698=ORIENTED_EDGE('',*,*,#3659,.T.);
#3699=ORIENTED_EDGE('',*,*,#3673,.T.);
#3700=ORIENTED_EDGE('',*,*,#3686,.F.);
#3701=EDGE_LOOP('',(#3697,#3698,#3699,#3700));
#3702=FACE_OUTER_BOUND('',#3701,.F.);
#3703=ADVANCED_FACE('',(#3702),#3696,.T.);
#3704=CARTESIAN_POINT('',(-2.88925E0,0.E0,-8.128E0));
#3705=DIRECTION('',(1.E0,0.E0,0.E0));
#3706=DIRECTION('',(0.E0,-1.E0,0.E0));
#3707=AXIS2_PLACEMENT_3D('',#3704,#3705,#3706);
#3708=PLANE('',#3707);
#3709=ORIENTED_EDGE('',*,*,#2814,.T.);
#3711=ORIENTED_EDGE('',*,*,#3710,.T.);
#3713=ORIENTED_EDGE('',*,*,#3712,.T.);
#3715=ORIENTED_EDGE('',*,*,#3714,.T.);
#3716=EDGE_LOOP('',(#3709,#3711,#3713,#3715));
#3717=FACE_OUTER_BOUND('',#3716,.F.);
#3718=ADVANCED_FACE('',(#3717),#3708,.F.);
#3719=CARTESIAN_POINT('',(-2.88925E0,-1.27E-1,-8.128E0));
#3720=DIRECTION('',(0.E0,-1.E0,0.E0));
#3721=DIRECTION('',(0.E0,0.E0,-1.E0));
#3722=AXIS2_PLACEMENT_3D('',#3719,#3720,#3721);
#3723=PLANE('',#3722);
#3724=ORIENTED_EDGE('',*,*,#2820,.T.);
#3726=ORIENTED_EDGE('',*,*,#3725,.T.);
#3728=ORIENTED_EDGE('',*,*,#3727,.F.);
#3729=ORIENTED_EDGE('',*,*,#3710,.F.);
#3730=EDGE_LOOP('',(#3724,#3726,#3728,#3729));
#3731=FACE_OUTER_BOUND('',#3730,.F.);
#3732=ADVANCED_FACE('',(#3731),#3723,.T.);
#3733=CARTESIAN_POINT('',(-2.19075E0,0.E0,-8.128E0));
#3734=DIRECTION('',(1.E0,0.E0,0.E0));
#3735=DIRECTION('',(0.E0,-1.E0,0.E0));
#3736=AXIS2_PLACEMENT_3D('',#3733,#3734,#3735);
#3737=PLANE('',#3736);
#3738=ORIENTED_EDGE('',*,*,#2818,.F.);
#3740=ORIENTED_EDGE('',*,*,#3739,.F.);
#3742=ORIENTED_EDGE('',*,*,#3741,.F.);
#3743=ORIENTED_EDGE('',*,*,#3725,.F.);
#3744=EDGE_LOOP('',(#3738,#3740,#3742,#3743));
#3745=FACE_OUTER_BOUND('',#3744,.F.);
#3746=ADVANCED_FACE('',(#3745),#3737,.T.);
#3747=CARTESIAN_POINT('',(-2.88925E0,1.27E-1,-1.1557E1));
#3748=DIRECTION('',(0.E0,1.E0,0.E0));
#3749=DIRECTION('',(0.E0,0.E0,1.E0));
#3750=AXIS2_PLACEMENT_3D('',#3747,#3748,#3749);
#3751=PLANE('',#3750);
#3752=ORIENTED_EDGE('',*,*,#2816,.F.);
#3753=ORIENTED_EDGE('',*,*,#3714,.F.);
#3755=ORIENTED_EDGE('',*,*,#3754,.T.);
#3756=ORIENTED_EDGE('',*,*,#3739,.T.);
#3757=EDGE_LOOP('',(#3752,#3753,#3755,#3756));
#3758=FACE_OUTER_BOUND('',#3757,.F.);
#3759=ADVANCED_FACE('',(#3758),#3751,.T.);
#3760=CARTESIAN_POINT('',(-2.88925E0,-1.27E-1,-1.1557E1));
#3761=DIRECTION('',(0.E0,0.E0,-1.E0));
#3762=DIRECTION('',(0.E0,1.E0,0.E0));
#3763=AXIS2_PLACEMENT_3D('',#3760,#3761,#3762);
#3764=PLANE('',#3763);
#3765=ORIENTED_EDGE('',*,*,#3712,.F.);
#3766=ORIENTED_EDGE('',*,*,#3727,.T.);
#3767=ORIENTED_EDGE('',*,*,#3741,.T.);
#3768=ORIENTED_EDGE('',*,*,#3754,.F.);
#3769=EDGE_LOOP('',(#3765,#3766,#3767,#3768));
#3770=FACE_OUTER_BOUND('',#3769,.F.);
#3771=ADVANCED_FACE('',(#3770),#3764,.T.);
#3772=CARTESIAN_POINT('',(-3.4925E-1,0.E0,-8.128E0));
#3773=DIRECTION('',(1.E0,0.E0,0.E0));
#3774=DIRECTION('',(0.E0,-1.E0,0.E0));
#3775=AXIS2_PLACEMENT_3D('',#3772,#3773,#3774);
#3776=PLANE('',#3775);
#3777=ORIENTED_EDGE('',*,*,#2824,.T.);
#3779=ORIENTED_EDGE('',*,*,#3778,.T.);
#3781=ORIENTED_EDGE('',*,*,#3780,.T.);
#3783=ORIENTED_EDGE('',*,*,#3782,.T.);
#3784=EDGE_LOOP('',(#3777,#3779,#3781,#3783));
#3785=FACE_OUTER_BOUND('',#3784,.F.);
#3786=ADVANCED_FACE('',(#3785),#3776,.F.);
#3787=CARTESIAN_POINT('',(-3.4925E-1,-1.27E-1,-8.128E0));
#3788=DIRECTION('',(0.E0,-1.E0,0.E0));
#3789=DIRECTION('',(0.E0,0.E0,-1.E0));
#3790=AXIS2_PLACEMENT_3D('',#3787,#3788,#3789);
#3791=PLANE('',#3790);
#3792=ORIENTED_EDGE('',*,*,#2830,.T.);
#3794=ORIENTED_EDGE('',*,*,#3793,.T.);
#3796=ORIENTED_EDGE('',*,*,#3795,.F.);
#3797=ORIENTED_EDGE('',*,*,#3778,.F.);
#3798=EDGE_LOOP('',(#3792,#3794,#3796,#3797));
#3799=FACE_OUTER_BOUND('',#3798,.F.);
#3800=ADVANCED_FACE('',(#3799),#3791,.T.);
#3801=CARTESIAN_POINT('',(3.4925E-1,0.E0,-8.128E0));
#3802=DIRECTION('',(1.E0,0.E0,0.E0));
#3803=DIRECTION('',(0.E0,-1.E0,0.E0));
#3804=AXIS2_PLACEMENT_3D('',#3801,#3802,#3803);
#3805=PLANE('',#3804);
#3806=ORIENTED_EDGE('',*,*,#2828,.F.);
#3808=ORIENTED_EDGE('',*,*,#3807,.F.);
#3810=ORIENTED_EDGE('',*,*,#3809,.F.);
#3811=ORIENTED_EDGE('',*,*,#3793,.F.);
#3812=EDGE_LOOP('',(#3806,#3808,#3810,#3811));
#3813=FACE_OUTER_BOUND('',#3812,.F.);
#3814=ADVANCED_FACE('',(#3813),#3805,.T.);
#3815=CARTESIAN_POINT('',(-3.4925E-1,1.27E-1,-1.1557E1));
#3816=DIRECTION('',(0.E0,1.E0,0.E0));
#3817=DIRECTION('',(0.E0,0.E0,1.E0));
#3818=AXIS2_PLACEMENT_3D('',#3815,#3816,#3817);
#3819=PLANE('',#3818);
#3820=ORIENTED_EDGE('',*,*,#2826,.F.);
#3821=ORIENTED_EDGE('',*,*,#3782,.F.);
#3823=ORIENTED_EDGE('',*,*,#3822,.T.);
#3824=ORIENTED_EDGE('',*,*,#3807,.T.);
#3825=EDGE_LOOP('',(#3820,#3821,#3823,#3824));
#3826=FACE_OUTER_BOUND('',#3825,.F.);
#3827=ADVANCED_FACE('',(#3826),#3819,.T.);
#3828=CARTESIAN_POINT('',(-3.4925E-1,-1.27E-1,-1.1557E1));
#3829=DIRECTION('',(0.E0,0.E0,-1.E0));
#3830=DIRECTION('',(0.E0,1.E0,0.E0));
#3831=AXIS2_PLACEMENT_3D('',#3828,#3829,#3830);
#3832=PLANE('',#3831);
#3833=ORIENTED_EDGE('',*,*,#3780,.F.);
#3834=ORIENTED_EDGE('',*,*,#3795,.T.);
#3835=ORIENTED_EDGE('',*,*,#3809,.T.);
#3836=ORIENTED_EDGE('',*,*,#3822,.F.);
#3837=EDGE_LOOP('',(#3833,#3834,#3835,#3836));
#3838=FACE_OUTER_BOUND('',#3837,.F.);
#3839=ADVANCED_FACE('',(#3838),#3832,.T.);
#3840=CARTESIAN_POINT('',(2.19075E0,0.E0,-8.128E0));
#3841=DIRECTION('',(1.E0,0.E0,0.E0));
#3842=DIRECTION('',(0.E0,-1.E0,0.E0));
#3843=AXIS2_PLACEMENT_3D('',#3840,#3841,#3842);
#3844=PLANE('',#3843);
#3845=ORIENTED_EDGE('',*,*,#2834,.T.);
#3847=ORIENTED_EDGE('',*,*,#3846,.T.);
#3849=ORIENTED_EDGE('',*,*,#3848,.T.);
#3851=ORIENTED_EDGE('',*,*,#3850,.T.);
#3852=EDGE_LOOP('',(#3845,#3847,#3849,#3851));
#3853=FACE_OUTER_BOUND('',#3852,.F.);
#3854=ADVANCED_FACE('',(#3853),#3844,.F.);
#3855=CARTESIAN_POINT('',(2.19075E0,-1.27E-1,-8.128E0));
#3856=DIRECTION('',(0.E0,-1.E0,0.E0));
#3857=DIRECTION('',(0.E0,0.E0,-1.E0));
#3858=AXIS2_PLACEMENT_3D('',#3855,#3856,#3857);
#3859=PLANE('',#3858);
#3860=ORIENTED_EDGE('',*,*,#2840,.T.);
#3862=ORIENTED_EDGE('',*,*,#3861,.T.);
#3864=ORIENTED_EDGE('',*,*,#3863,.F.);
#3865=ORIENTED_EDGE('',*,*,#3846,.F.);
#3866=EDGE_LOOP('',(#3860,#3862,#3864,#3865));
#3867=FACE_OUTER_BOUND('',#3866,.F.);
#3868=ADVANCED_FACE('',(#3867),#3859,.T.);
#3869=CARTESIAN_POINT('',(2.88925E0,0.E0,-8.128E0));
#3870=DIRECTION('',(1.E0,0.E0,0.E0));
#3871=DIRECTION('',(0.E0,-1.E0,0.E0));
#3872=AXIS2_PLACEMENT_3D('',#3869,#3870,#3871);
#3873=PLANE('',#3872);
#3874=ORIENTED_EDGE('',*,*,#2838,.F.);
#3876=ORIENTED_EDGE('',*,*,#3875,.F.);
#3878=ORIENTED_EDGE('',*,*,#3877,.F.);
#3879=ORIENTED_EDGE('',*,*,#3861,.F.);
#3880=EDGE_LOOP('',(#3874,#3876,#3878,#3879));
#3881=FACE_OUTER_BOUND('',#3880,.F.);
#3882=ADVANCED_FACE('',(#3881),#3873,.T.);
#3883=CARTESIAN_POINT('',(2.19075E0,1.27E-1,-1.1557E1));
#3884=DIRECTION('',(0.E0,1.E0,0.E0));
#3885=DIRECTION('',(0.E0,0.E0,1.E0));
#3886=AXIS2_PLACEMENT_3D('',#3883,#3884,#3885);
#3887=PLANE('',#3886);
#3888=ORIENTED_EDGE('',*,*,#2836,.F.);
#3889=ORIENTED_EDGE('',*,*,#3850,.F.);
#3891=ORIENTED_EDGE('',*,*,#3890,.T.);
#3892=ORIENTED_EDGE('',*,*,#3875,.T.);
#3893=EDGE_LOOP('',(#3888,#3889,#3891,#3892));
#3894=FACE_OUTER_BOUND('',#3893,.F.);
#3895=ADVANCED_FACE('',(#3894),#3887,.T.);
#3896=CARTESIAN_POINT('',(2.19075E0,-1.27E-1,-1.1557E1));
#3897=DIRECTION('',(0.E0,0.E0,-1.E0));
#3898=DIRECTION('',(0.E0,1.E0,0.E0));
#3899=AXIS2_PLACEMENT_3D('',#3896,#3897,#3898);
#3900=PLANE('',#3899);
#3901=ORIENTED_EDGE('',*,*,#3848,.F.);
#3902=ORIENTED_EDGE('',*,*,#3863,.T.);
#3903=ORIENTED_EDGE('',*,*,#3877,.T.);
#3904=ORIENTED_EDGE('',*,*,#3890,.F.);
#3905=EDGE_LOOP('',(#3901,#3902,#3903,#3904));
#3906=FACE_OUTER_BOUND('',#3905,.F.);
#3907=ADVANCED_FACE('',(#3906),#3900,.T.);
#3908=CARTESIAN_POINT('',(4.73075E0,0.E0,-8.128E0));
#3909=DIRECTION('',(1.E0,0.E0,0.E0));
#3910=DIRECTION('',(0.E0,-1.E0,0.E0));
#3911=AXIS2_PLACEMENT_3D('',#3908,#3909,#3910);
#3912=PLANE('',#3911);
#3913=ORIENTED_EDGE('',*,*,#2844,.T.);
#3915=ORIENTED_EDGE('',*,*,#3914,.T.);
#3917=ORIENTED_EDGE('',*,*,#3916,.T.);
#3919=ORIENTED_EDGE('',*,*,#3918,.T.);
#3920=EDGE_LOOP('',(#3913,#3915,#3917,#3919));
#3921=FACE_OUTER_BOUND('',#3920,.F.);
#3922=ADVANCED_FACE('',(#3921),#3912,.F.);
#3923=CARTESIAN_POINT('',(4.73075E0,-1.27E-1,-8.128E0));
#3924=DIRECTION('',(0.E0,-1.E0,0.E0));
#3925=DIRECTION('',(0.E0,0.E0,-1.E0));
#3926=AXIS2_PLACEMENT_3D('',#3923,#3924,#3925);
#3927=PLANE('',#3926);
#3928=ORIENTED_EDGE('',*,*,#2850,.T.);
#3930=ORIENTED_EDGE('',*,*,#3929,.T.);
#3932=ORIENTED_EDGE('',*,*,#3931,.F.);
#3933=ORIENTED_EDGE('',*,*,#3914,.F.);
#3934=EDGE_LOOP('',(#3928,#3930,#3932,#3933));
#3935=FACE_OUTER_BOUND('',#3934,.F.);
#3936=ADVANCED_FACE('',(#3935),#3927,.T.);
#3937=CARTESIAN_POINT('',(5.42925E0,0.E0,-8.128E0));
#3938=DIRECTION('',(1.E0,0.E0,0.E0));
#3939=DIRECTION('',(0.E0,-1.E0,0.E0));
#3940=AXIS2_PLACEMENT_3D('',#3937,#3938,#3939);
#3941=PLANE('',#3940);
#3942=ORIENTED_EDGE('',*,*,#2848,.F.);
#3944=ORIENTED_EDGE('',*,*,#3943,.F.);
#3946=ORIENTED_EDGE('',*,*,#3945,.F.);
#3947=ORIENTED_EDGE('',*,*,#3929,.F.);
#3948=EDGE_LOOP('',(#3942,#3944,#3946,#3947));
#3949=FACE_OUTER_BOUND('',#3948,.F.);
#3950=ADVANCED_FACE('',(#3949),#3941,.T.);
#3951=CARTESIAN_POINT('',(4.73075E0,1.27E-1,-1.1557E1));
#3952=DIRECTION('',(0.E0,1.E0,0.E0));
#3953=DIRECTION('',(0.E0,0.E0,1.E0));
#3954=AXIS2_PLACEMENT_3D('',#3951,#3952,#3953);
#3955=PLANE('',#3954);
#3956=ORIENTED_EDGE('',*,*,#2846,.F.);
#3957=ORIENTED_EDGE('',*,*,#3918,.F.);
#3959=ORIENTED_EDGE('',*,*,#3958,.T.);
#3960=ORIENTED_EDGE('',*,*,#3943,.T.);
#3961=EDGE_LOOP('',(#3956,#3957,#3959,#3960));
#3962=FACE_OUTER_BOUND('',#3961,.F.);
#3963=ADVANCED_FACE('',(#3962),#3955,.T.);
#3964=CARTESIAN_POINT('',(4.73075E0,-1.27E-1,-1.1557E1));
#3965=DIRECTION('',(0.E0,0.E0,-1.E0));
#3966=DIRECTION('',(0.E0,1.E0,0.E0));
#3967=AXIS2_PLACEMENT_3D('',#3964,#3965,#3966);
#3968=PLANE('',#3967);
#3969=ORIENTED_EDGE('',*,*,#3916,.F.);
#3970=ORIENTED_EDGE('',*,*,#3931,.T.);
#3971=ORIENTED_EDGE('',*,*,#3945,.T.);
#3972=ORIENTED_EDGE('',*,*,#3958,.F.);
#3973=EDGE_LOOP('',(#3969,#3970,#3971,#3972));
#3974=FACE_OUTER_BOUND('',#3973,.F.);
#3975=ADVANCED_FACE('',(#3974),#3968,.T.);
#3976=CARTESIAN_POINT('',(7.27075E0,0.E0,-8.128E0));
#3977=DIRECTION('',(1.E0,0.E0,0.E0));
#3978=DIRECTION('',(0.E0,-1.E0,0.E0));
#3979=AXIS2_PLACEMENT_3D('',#3976,#3977,#3978);
#3980=PLANE('',#3979);
#3981=ORIENTED_EDGE('',*,*,#2854,.T.);
#3983=ORIENTED_EDGE('',*,*,#3982,.T.);
#3985=ORIENTED_EDGE('',*,*,#3984,.T.);
#3987=ORIENTED_EDGE('',*,*,#3986,.T.);
#3988=EDGE_LOOP('',(#3981,#3983,#3985,#3987));
#3989=FACE_OUTER_BOUND('',#3988,.F.);
#3990=ADVANCED_FACE('',(#3989),#3980,.F.);
#3991=CARTESIAN_POINT('',(7.27075E0,-1.27E-1,-8.128E0));
#3992=DIRECTION('',(0.E0,-1.E0,0.E0));
#3993=DIRECTION('',(0.E0,0.E0,-1.E0));
#3994=AXIS2_PLACEMENT_3D('',#3991,#3992,#3993);
#3995=PLANE('',#3994);
#3996=ORIENTED_EDGE('',*,*,#2860,.T.);
#3998=ORIENTED_EDGE('',*,*,#3997,.T.);
#4000=ORIENTED_EDGE('',*,*,#3999,.F.);
#4001=ORIENTED_EDGE('',*,*,#3982,.F.);
#4002=EDGE_LOOP('',(#3996,#3998,#4000,#4001));
#4003=FACE_OUTER_BOUND('',#4002,.F.);
#4004=ADVANCED_FACE('',(#4003),#3995,.T.);
#4005=CARTESIAN_POINT('',(7.96925E0,0.E0,-8.128E0));
#4006=DIRECTION('',(1.E0,0.E0,0.E0));
#4007=DIRECTION('',(0.E0,-1.E0,0.E0));
#4008=AXIS2_PLACEMENT_3D('',#4005,#4006,#4007);
#4009=PLANE('',#4008);
#4010=ORIENTED_EDGE('',*,*,#2858,.F.);
#4012=ORIENTED_EDGE('',*,*,#4011,.F.);
#4014=ORIENTED_EDGE('',*,*,#4013,.F.);
#4015=ORIENTED_EDGE('',*,*,#3997,.F.);
#4016=EDGE_LOOP('',(#4010,#4012,#4014,#4015));
#4017=FACE_OUTER_BOUND('',#4016,.F.);
#4018=ADVANCED_FACE('',(#4017),#4009,.T.);
#4019=CARTESIAN_POINT('',(7.27075E0,1.27E-1,-1.1557E1));
#4020=DIRECTION('',(0.E0,1.E0,0.E0));
#4021=DIRECTION('',(0.E0,0.E0,1.E0));
#4022=AXIS2_PLACEMENT_3D('',#4019,#4020,#4021);
#4023=PLANE('',#4022);
#4024=ORIENTED_EDGE('',*,*,#2856,.F.);
#4025=ORIENTED_EDGE('',*,*,#3986,.F.);
#4027=ORIENTED_EDGE('',*,*,#4026,.T.);
#4028=ORIENTED_EDGE('',*,*,#4011,.T.);
#4029=EDGE_LOOP('',(#4024,#4025,#4027,#4028));
#4030=FACE_OUTER_BOUND('',#4029,.F.);
#4031=ADVANCED_FACE('',(#4030),#4023,.T.);
#4032=CARTESIAN_POINT('',(7.27075E0,-1.27E-1,-1.1557E1));
#4033=DIRECTION('',(0.E0,0.E0,-1.E0));
#4034=DIRECTION('',(0.E0,1.E0,0.E0));
#4035=AXIS2_PLACEMENT_3D('',#4032,#4033,#4034);
#4036=PLANE('',#4035);
#4037=ORIENTED_EDGE('',*,*,#3984,.F.);
#4038=ORIENTED_EDGE('',*,*,#3999,.T.);
#4039=ORIENTED_EDGE('',*,*,#4013,.T.);
#4040=ORIENTED_EDGE('',*,*,#4026,.F.);
#4041=EDGE_LOOP('',(#4037,#4038,#4039,#4040));
#4042=FACE_OUTER_BOUND('',#4041,.F.);
#4043=ADVANCED_FACE('',(#4042),#4036,.T.);
#4044=CARTESIAN_POINT('',(-8.2042E0,4.572E-1,-6.35E-1));
#4045=DIRECTION('',(0.E0,7.071067811865E-1,-7.071067811865E-1));
#4046=DIRECTION('',(0.E0,7.071067811865E-1,7.071067811865E-1));
#4047=AXIS2_PLACEMENT_3D('',#4044,#4045,#4046);
#4048=PLANE('',#4047);
#4050=ORIENTED_EDGE('',*,*,#4049,.T.);
#4051=ORIENTED_EDGE('',*,*,#2543,.T.);
#4053=ORIENTED_EDGE('',*,*,#4052,.F.);
#4055=ORIENTED_EDGE('',*,*,#4054,.F.);
#4056=EDGE_LOOP('',(#4050,#4051,#4053,#4055));
#4057=FACE_OUTER_BOUND('',#4056,.F.);
#4058=ADVANCED_FACE('',(#4057),#4048,.F.);
#4059=CARTESIAN_POINT('',(-8.2042E0,-4.572E-1,-6.35E-1));
#4060=DIRECTION('',(-7.071067811865E-1,0.E0,-7.071067811865E-1));
#4061=DIRECTION('',(-7.071067811865E-1,0.E0,7.071067811865E-1));
#4062=AXIS2_PLACEMENT_3D('',#4059,#4060,#4061);
#4063=PLANE('',#4062);
#4064=ORIENTED_EDGE('',*,*,#4049,.F.);
#4066=ORIENTED_EDGE('',*,*,#4065,.F.);
#4068=ORIENTED_EDGE('',*,*,#4067,.T.);
#4069=ORIENTED_EDGE('',*,*,#2545,.T.);
#4070=EDGE_LOOP('',(#4064,#4066,#4068,#4069));
#4071=FACE_OUTER_BOUND('',#4070,.F.);
#4072=ADVANCED_FACE('',(#4071),#4063,.F.);
#4073=CARTESIAN_POINT('',(-8.2042E0,-4.572E-1,-7.45998E-1));
#4074=DIRECTION('',(-1.E0,0.E0,0.E0));
#4075=DIRECTION('',(0.E0,0.E0,1.E0));
#4076=AXIS2_PLACEMENT_3D('',#4073,#4074,#4075);
#4077=PLANE('',#4076);
#4079=ORIENTED_EDGE('',*,*,#4078,.T.);
#4080=ORIENTED_EDGE('',*,*,#4065,.T.);
#4082=ORIENTED_EDGE('',*,*,#4081,.F.);
#4084=ORIENTED_EDGE('',*,*,#4083,.F.);
#4085=EDGE_LOOP('',(#4079,#4080,#4082,#4084));
#4086=FACE_OUTER_BOUND('',#4085,.F.);
#4087=ADVANCED_FACE('',(#4086),#4077,.F.);
#4088=CARTESIAN_POINT('',(-7.0358E0,-4.572E-1,-7.45998E-1));
#4089=DIRECTION('',(0.E0,-1.E0,0.E0));
#4090=DIRECTION('',(0.E0,0.E0,1.E0));
#4091=AXIS2_PLACEMENT_3D('',#4088,#4089,#4090);
#4092=PLANE('',#4091);
#4094=ORIENTED_EDGE('',*,*,#4093,.T.);
#4096=ORIENTED_EDGE('',*,*,#4095,.T.);
#4097=ORIENTED_EDGE('',*,*,#4078,.F.);
#4099=ORIENTED_EDGE('',*,*,#4098,.F.);
#4100=EDGE_LOOP('',(#4094,#4096,#4097,#4099));
#4101=FACE_OUTER_BOUND('',#4100,.F.);
#4102=ADVANCED_FACE('',(#4101),#4092,.F.);
#4103=CARTESIAN_POINT('',(-7.0358E0,4.572E-1,-7.45998E-1));
#4104=DIRECTION('',(1.E0,0.E0,0.E0));
#4105=DIRECTION('',(0.E0,0.E0,1.E0));
#4106=AXIS2_PLACEMENT_3D('',#4103,#4104,#4105);
#4107=PLANE('',#4106);
#4109=ORIENTED_EDGE('',*,*,#4108,.T.);
#4111=ORIENTED_EDGE('',*,*,#4110,.T.);
#4112=ORIENTED_EDGE('',*,*,#4093,.F.);
#4114=ORIENTED_EDGE('',*,*,#4113,.F.);
#4115=EDGE_LOOP('',(#4109,#4111,#4112,#4114));
#4116=FACE_OUTER_BOUND('',#4115,.F.);
#4117=ADVANCED_FACE('',(#4116),#4107,.F.);
#4118=CARTESIAN_POINT('',(-8.2042E0,4.572E-1,-7.45998E-1));
#4119=DIRECTION('',(0.E0,1.E0,0.E0));
#4120=DIRECTION('',(0.E0,0.E0,1.E0));
#4121=AXIS2_PLACEMENT_3D('',#4118,#4119,#4120);
#4122=PLANE('',#4121);
#4123=ORIENTED_EDGE('',*,*,#4081,.T.);
#4124=ORIENTED_EDGE('',*,*,#4054,.T.);
#4125=ORIENTED_EDGE('',*,*,#4108,.F.);
#4127=ORIENTED_EDGE('',*,*,#4126,.F.);
#4128=EDGE_LOOP('',(#4123,#4124,#4125,#4127));
#4129=FACE_OUTER_BOUND('',#4128,.F.);
#4130=ADVANCED_FACE('',(#4129),#4122,.F.);
#4131=CARTESIAN_POINT('',(-8.2042E0,8.128E-1,-7.45998E-1));
#4132=DIRECTION('',(0.E0,0.E0,1.E0));
#4133=DIRECTION('',(0.E0,-1.E0,0.E0));
#4134=AXIS2_PLACEMENT_3D('',#4131,#4132,#4133);
#4135=PLANE('',#4134);
#4137=ORIENTED_EDGE('',*,*,#4136,.F.);
#4139=ORIENTED_EDGE('',*,*,#4138,.F.);
#4141=ORIENTED_EDGE('',*,*,#4140,.F.);
#4143=ORIENTED_EDGE('',*,*,#4142,.F.);
#4144=EDGE_LOOP('',(#4137,#4139,#4141,#4143));
#4145=FACE_OUTER_BOUND('',#4144,.F.);
#4146=ORIENTED_EDGE('',*,*,#4083,.T.);
#4147=ORIENTED_EDGE('',*,*,#4126,.T.);
#4148=ORIENTED_EDGE('',*,*,#4113,.T.);
#4149=ORIENTED_EDGE('',*,*,#4098,.T.);
#4150=EDGE_LOOP('',(#4146,#4147,#4148,#4149));
#4151=FACE_BOUND('',#4150,.F.);
#4152=ADVANCED_FACE('',(#4145,#4151),#4135,.F.);
#4153=CARTESIAN_POINT('',(-8.2042E0,8.128E-1,-9.99998E-1));
#4154=DIRECTION('',(0.E0,1.E0,0.E0));
#4155=DIRECTION('',(0.E0,0.E0,1.E0));
#4156=AXIS2_PLACEMENT_3D('',#4153,#4154,#4155);
#4157=PLANE('',#4156);
#4159=ORIENTED_EDGE('',*,*,#4158,.T.);
#4160=ORIENTED_EDGE('',*,*,#4136,.T.);
#4162=ORIENTED_EDGE('',*,*,#4161,.F.);
#4164=ORIENTED_EDGE('',*,*,#4163,.F.);
#4165=EDGE_LOOP('',(#4159,#4160,#4162,#4164));
#4166=FACE_OUTER_BOUND('',#4165,.F.);
#4167=ADVANCED_FACE('',(#4166),#4157,.F.);
#4168=CARTESIAN_POINT('',(-8.5598E0,-4.572E-1,-9.99998E-1));
#4169=DIRECTION('',(-1.E0,0.E0,0.E0));
#4170=DIRECTION('',(0.E0,0.E0,1.E0));
#4171=AXIS2_PLACEMENT_3D('',#4168,#4169,#4170);
#4172=PLANE('',#4171);
#4174=ORIENTED_EDGE('',*,*,#4173,.T.);
#4175=ORIENTED_EDGE('',*,*,#4138,.T.);
#4176=ORIENTED_EDGE('',*,*,#4158,.F.);
#4178=ORIENTED_EDGE('',*,*,#4177,.F.);
#4179=EDGE_LOOP('',(#4174,#4175,#4176,#4178));
#4180=FACE_OUTER_BOUND('',#4179,.F.);
#4181=ADVANCED_FACE('',(#4180),#4172,.F.);
#4182=CARTESIAN_POINT('',(-7.0358E0,-8.128E-1,-9.99998E-1));
#4183=DIRECTION('',(0.E0,-1.E0,0.E0));
#4184=DIRECTION('',(0.E0,0.E0,1.E0));
#4185=AXIS2_PLACEMENT_3D('',#4182,#4183,#4184);
#4186=PLANE('',#4185);
#4188=ORIENTED_EDGE('',*,*,#4187,.T.);
#4189=ORIENTED_EDGE('',*,*,#4140,.T.);
#4190=ORIENTED_EDGE('',*,*,#4173,.F.);
#4192=ORIENTED_EDGE('',*,*,#4191,.F.);
#4193=EDGE_LOOP('',(#4188,#4189,#4190,#4192));
#4194=FACE_OUTER_BOUND('',#4193,.F.);
#4195=ADVANCED_FACE('',(#4194),#4186,.F.);
#4196=CARTESIAN_POINT('',(-6.6802E0,4.572E-1,-9.99998E-1));
#4197=DIRECTION('',(1.E0,0.E0,0.E0));
#4198=DIRECTION('',(0.E0,0.E0,1.E0));
#4199=AXIS2_PLACEMENT_3D('',#4196,#4197,#4198);
#4200=PLANE('',#4199);
#4201=ORIENTED_EDGE('',*,*,#4161,.T.);
#4202=ORIENTED_EDGE('',*,*,#4142,.T.);
#4203=ORIENTED_EDGE('',*,*,#4187,.F.);
#4205=ORIENTED_EDGE('',*,*,#4204,.F.);
#4206=EDGE_LOOP('',(#4201,#4202,#4203,#4205));
#4207=FACE_OUTER_BOUND('',#4206,.F.);
#4208=ADVANCED_FACE('',(#4207),#4200,.F.);
#4209=CARTESIAN_POINT('',(-8.2042E0,0.E0,-9.99998E-1));
#4210=DIRECTION('',(0.E0,0.E0,-1.E0));
#4211=DIRECTION('',(0.E0,1.E0,0.E0));
#4212=AXIS2_PLACEMENT_3D('',#4209,#4210,#4211);
#4213=PLANE('',#4212);
#4214=ORIENTED_EDGE('',*,*,#4177,.T.);
#4215=ORIENTED_EDGE('',*,*,#4163,.T.);
#4216=ORIENTED_EDGE('',*,*,#4204,.T.);
#4217=ORIENTED_EDGE('',*,*,#4191,.T.);
#4218=EDGE_LOOP('',(#4214,#4215,#4216,#4217));
#4219=FACE_OUTER_BOUND('',#4218,.F.);
#4220=ADVANCED_FACE('',(#4219),#4213,.F.);
#4221=CARTESIAN_POINT('',(-7.0358E0,4.572E-1,-6.35E-1));
#4222=DIRECTION('',(7.071067811865E-1,0.E0,-7.071067811865E-1));
#4223=DIRECTION('',(7.071067811865E-1,0.E0,7.071067811865E-1));
#4224=AXIS2_PLACEMENT_3D('',#4221,#4222,#4223);
#4225=PLANE('',#4224);
#4226=ORIENTED_EDGE('',*,*,#2549,.T.);
#4228=ORIENTED_EDGE('',*,*,#4227,.F.);
#4229=ORIENTED_EDGE('',*,*,#4110,.F.);
#4230=ORIENTED_EDGE('',*,*,#4052,.T.);
#4231=EDGE_LOOP('',(#4226,#4228,#4229,#4230));
#4232=FACE_OUTER_BOUND('',#4231,.F.);
#4233=ADVANCED_FACE('',(#4232),#4225,.F.);
#4234=CARTESIAN_POINT('',(-7.0358E0,-4.572E-1,-6.35E-1));
#4235=DIRECTION('',(0.E0,-7.071067811865E-1,-7.071067811865E-1));
#4236=DIRECTION('',(0.E0,-7.071067811865E-1,7.071067811865E-1));
#4237=AXIS2_PLACEMENT_3D('',#4234,#4235,#4236);
#4238=PLANE('',#4237);
#4239=ORIENTED_EDGE('',*,*,#2547,.T.);
#4240=ORIENTED_EDGE('',*,*,#4067,.F.);
#4241=ORIENTED_EDGE('',*,*,#4095,.F.);
#4242=ORIENTED_EDGE('',*,*,#4227,.T.);
#4243=EDGE_LOOP('',(#4239,#4240,#4241,#4242));
#4244=FACE_OUTER_BOUND('',#4243,.F.);
#4245=ADVANCED_FACE('',(#4244),#4238,.F.);
#4246=CARTESIAN_POINT('',(-5.6642E0,4.572E-1,-6.35E-1));
#4247=DIRECTION('',(0.E0,7.071067811865E-1,-7.071067811865E-1));
#4248=DIRECTION('',(0.E0,7.071067811865E-1,7.071067811865E-1));
#4249=AXIS2_PLACEMENT_3D('',#4246,#4247,#4248);
#4250=PLANE('',#4249);
#4251=ORIENTED_EDGE('',*,*,#2553,.T.);
#4253=ORIENTED_EDGE('',*,*,#4252,.F.);
#4255=ORIENTED_EDGE('',*,*,#4254,.F.);
#4257=ORIENTED_EDGE('',*,*,#4256,.T.);
#4258=EDGE_LOOP('',(#4251,#4253,#4255,#4257));
#4259=FACE_OUTER_BOUND('',#4258,.F.);
#4260=ADVANCED_FACE('',(#4259),#4250,.F.);
#4261=CARTESIAN_POINT('',(-4.4958E0,4.572E-1,-6.35E-1));
#4262=DIRECTION('',(7.071067811865E-1,0.E0,-7.071067811865E-1));
#4263=DIRECTION('',(7.071067811865E-1,0.E0,7.071067811865E-1));
#4264=AXIS2_PLACEMENT_3D('',#4261,#4262,#4263);
#4265=PLANE('',#4264);
#4266=ORIENTED_EDGE('',*,*,#2559,.T.);
#4268=ORIENTED_EDGE('',*,*,#4267,.F.);
#4270=ORIENTED_EDGE('',*,*,#4269,.F.);
#4271=ORIENTED_EDGE('',*,*,#4252,.T.);
#4272=EDGE_LOOP('',(#4266,#4268,#4270,#4271));
#4273=FACE_OUTER_BOUND('',#4272,.F.);
#4274=ADVANCED_FACE('',(#4273),#4265,.F.);
#4275=CARTESIAN_POINT('',(-4.4958E0,-4.572E-1,-6.35E-1));
#4276=DIRECTION('',(0.E0,-7.071067811865E-1,-7.071067811865E-1));
#4277=DIRECTION('',(0.E0,-7.071067811865E-1,7.071067811865E-1));
#4278=AXIS2_PLACEMENT_3D('',#4275,#4276,#4277);
#4279=PLANE('',#4278);
#4280=ORIENTED_EDGE('',*,*,#2557,.T.);
#4282=ORIENTED_EDGE('',*,*,#4281,.F.);
#4284=ORIENTED_EDGE('',*,*,#4283,.F.);
#4285=ORIENTED_EDGE('',*,*,#4267,.T.);
#4286=EDGE_LOOP('',(#4280,#4282,#4284,#4285));
#4287=FACE_OUTER_BOUND('',#4286,.F.);
#4288=ADVANCED_FACE('',(#4287),#4279,.F.);
#4289=CARTESIAN_POINT('',(-5.6642E0,-4.572E-1,-6.35E-1));
#4290=DIRECTION('',(-7.071067811865E-1,0.E0,-7.071067811865E-1));
#4291=DIRECTION('',(-7.071067811865E-1,0.E0,7.071067811865E-1));
#4292=AXIS2_PLACEMENT_3D('',#4289,#4290,#4291);
#4293=PLANE('',#4292);
#4294=ORIENTED_EDGE('',*,*,#2555,.T.);
#4295=ORIENTED_EDGE('',*,*,#4256,.F.);
#4297=ORIENTED_EDGE('',*,*,#4296,.F.);
#4298=ORIENTED_EDGE('',*,*,#4281,.T.);
#4299=EDGE_LOOP('',(#4294,#4295,#4297,#4298));
#4300=FACE_OUTER_BOUND('',#4299,.F.);
#4301=ADVANCED_FACE('',(#4300),#4293,.F.);
#4302=CARTESIAN_POINT('',(-5.6642E0,-4.572E-1,-7.45998E-1));
#4303=DIRECTION('',(-1.E0,0.E0,0.E0));
#4304=DIRECTION('',(0.E0,0.E0,1.E0));
#4305=AXIS2_PLACEMENT_3D('',#4302,#4303,#4304);
#4306=PLANE('',#4305);
#4308=ORIENTED_EDGE('',*,*,#4307,.T.);
#4309=ORIENTED_EDGE('',*,*,#4296,.T.);
#4311=ORIENTED_EDGE('',*,*,#4310,.F.);
#4313=ORIENTED_EDGE('',*,*,#4312,.F.);
#4314=EDGE_LOOP('',(#4308,#4309,#4311,#4313));
#4315=FACE_OUTER_BOUND('',#4314,.F.);
#4316=ADVANCED_FACE('',(#4315),#4306,.F.);
#4317=CARTESIAN_POINT('',(-4.4958E0,-4.572E-1,-7.45998E-1));
#4318=DIRECTION('',(0.E0,-1.E0,0.E0));
#4319=DIRECTION('',(0.E0,0.E0,1.E0));
#4320=AXIS2_PLACEMENT_3D('',#4317,#4318,#4319);
#4321=PLANE('',#4320);
#4323=ORIENTED_EDGE('',*,*,#4322,.T.);
#4324=ORIENTED_EDGE('',*,*,#4283,.T.);
#4325=ORIENTED_EDGE('',*,*,#4307,.F.);
#4327=ORIENTED_EDGE('',*,*,#4326,.F.);
#4328=EDGE_LOOP('',(#4323,#4324,#4325,#4327));
#4329=FACE_OUTER_BOUND('',#4328,.F.);
#4330=ADVANCED_FACE('',(#4329),#4321,.F.);
#4331=CARTESIAN_POINT('',(-4.4958E0,4.572E-1,-7.45998E-1));
#4332=DIRECTION('',(1.E0,0.E0,0.E0));
#4333=DIRECTION('',(0.E0,0.E0,1.E0));
#4334=AXIS2_PLACEMENT_3D('',#4331,#4332,#4333);
#4335=PLANE('',#4334);
#4337=ORIENTED_EDGE('',*,*,#4336,.T.);
#4338=ORIENTED_EDGE('',*,*,#4269,.T.);
#4339=ORIENTED_EDGE('',*,*,#4322,.F.);
#4341=ORIENTED_EDGE('',*,*,#4340,.F.);
#4342=EDGE_LOOP('',(#4337,#4338,#4339,#4341));
#4343=FACE_OUTER_BOUND('',#4342,.F.);
#4344=ADVANCED_FACE('',(#4343),#4335,.F.);
#4345=CARTESIAN_POINT('',(-5.6642E0,4.572E-1,-7.45998E-1));
#4346=DIRECTION('',(0.E0,1.E0,0.E0));
#4347=DIRECTION('',(0.E0,0.E0,1.E0));
#4348=AXIS2_PLACEMENT_3D('',#4345,#4346,#4347);
#4349=PLANE('',#4348);
#4350=ORIENTED_EDGE('',*,*,#4310,.T.);
#4351=ORIENTED_EDGE('',*,*,#4254,.T.);
#4352=ORIENTED_EDGE('',*,*,#4336,.F.);
#4354=ORIENTED_EDGE('',*,*,#4353,.F.);
#4355=EDGE_LOOP('',(#4350,#4351,#4352,#4354));
#4356=FACE_OUTER_BOUND('',#4355,.F.);
#4357=ADVANCED_FACE('',(#4356),#4349,.F.);
#4358=CARTESIAN_POINT('',(-5.6642E0,8.128E-1,-7.45998E-1));
#4359=DIRECTION('',(0.E0,0.E0,1.E0));
#4360=DIRECTION('',(0.E0,-1.E0,0.E0));
#4361=AXIS2_PLACEMENT_3D('',#4358,#4359,#4360);
#4362=PLANE('',#4361);
#4364=ORIENTED_EDGE('',*,*,#4363,.F.);
#4366=ORIENTED_EDGE('',*,*,#4365,.F.);
#4368=ORIENTED_EDGE('',*,*,#4367,.F.);
#4370=ORIENTED_EDGE('',*,*,#4369,.F.);
#4371=EDGE_LOOP('',(#4364,#4366,#4368,#4370));
#4372=FACE_OUTER_BOUND('',#4371,.F.);
#4373=ORIENTED_EDGE('',*,*,#4312,.T.);
#4374=ORIENTED_EDGE('',*,*,#4353,.T.);
#4375=ORIENTED_EDGE('',*,*,#4340,.T.);
#4376=ORIENTED_EDGE('',*,*,#4326,.T.);
#4377=EDGE_LOOP('',(#4373,#4374,#4375,#4376));
#4378=FACE_BOUND('',#4377,.F.);
#4379=ADVANCED_FACE('',(#4372,#4378),#4362,.F.);
#4380=CARTESIAN_POINT('',(-5.6642E0,8.128E-1,-9.99998E-1));
#4381=DIRECTION('',(0.E0,1.E0,0.E0));
#4382=DIRECTION('',(0.E0,0.E0,1.E0));
#4383=AXIS2_PLACEMENT_3D('',#4380,#4381,#4382);
#4384=PLANE('',#4383);
#4386=ORIENTED_EDGE('',*,*,#4385,.T.);
#4387=ORIENTED_EDGE('',*,*,#4363,.T.);
#4389=ORIENTED_EDGE('',*,*,#4388,.F.);
#4391=ORIENTED_EDGE('',*,*,#4390,.F.);
#4392=EDGE_LOOP('',(#4386,#4387,#4389,#4391));
#4393=FACE_OUTER_BOUND('',#4392,.F.);
#4394=ADVANCED_FACE('',(#4393),#4384,.F.);
#4395=CARTESIAN_POINT('',(-6.0198E0,-4.572E-1,-9.99998E-1));
#4396=DIRECTION('',(-1.E0,0.E0,0.E0));
#4397=DIRECTION('',(0.E0,0.E0,1.E0));
#4398=AXIS2_PLACEMENT_3D('',#4395,#4396,#4397);
#4399=PLANE('',#4398);
#4401=ORIENTED_EDGE('',*,*,#4400,.T.);
#4402=ORIENTED_EDGE('',*,*,#4365,.T.);
#4403=ORIENTED_EDGE('',*,*,#4385,.F.);
#4405=ORIENTED_EDGE('',*,*,#4404,.F.);
#4406=EDGE_LOOP('',(#4401,#4402,#4403,#4405));
#4407=FACE_OUTER_BOUND('',#4406,.F.);
#4408=ADVANCED_FACE('',(#4407),#4399,.F.);
#4409=CARTESIAN_POINT('',(-4.4958E0,-8.128E-1,-9.99998E-1));
#4410=DIRECTION('',(0.E0,-1.E0,0.E0));
#4411=DIRECTION('',(0.E0,0.E0,1.E0));
#4412=AXIS2_PLACEMENT_3D('',#4409,#4410,#4411);
#4413=PLANE('',#4412);
#4415=ORIENTED_EDGE('',*,*,#4414,.T.);
#4416=ORIENTED_EDGE('',*,*,#4367,.T.);
#4417=ORIENTED_EDGE('',*,*,#4400,.F.);
#4419=ORIENTED_EDGE('',*,*,#4418,.F.);
#4420=EDGE_LOOP('',(#4415,#4416,#4417,#4419));
#4421=FACE_OUTER_BOUND('',#4420,.F.);
#4422=ADVANCED_FACE('',(#4421),#4413,.F.);
#4423=CARTESIAN_POINT('',(-4.1402E0,4.572E-1,-9.99998E-1));
#4424=DIRECTION('',(1.E0,0.E0,0.E0));
#4425=DIRECTION('',(0.E0,0.E0,1.E0));
#4426=AXIS2_PLACEMENT_3D('',#4423,#4424,#4425);
#4427=PLANE('',#4426);
#4428=ORIENTED_EDGE('',*,*,#4388,.T.);
#4429=ORIENTED_EDGE('',*,*,#4369,.T.);
#4430=ORIENTED_EDGE('',*,*,#4414,.F.);
#4432=ORIENTED_EDGE('',*,*,#4431,.F.);
#4433=EDGE_LOOP('',(#4428,#4429,#4430,#4432));
#4434=FACE_OUTER_BOUND('',#4433,.F.);
#4435=ADVANCED_FACE('',(#4434),#4427,.F.);
#4436=CARTESIAN_POINT('',(-5.6642E0,0.E0,-9.99998E-1));
#4437=DIRECTION('',(0.E0,0.E0,-1.E0));
#4438=DIRECTION('',(0.E0,1.E0,0.E0));
#4439=AXIS2_PLACEMENT_3D('',#4436,#4437,#4438);
#4440=PLANE('',#4439);
#4441=ORIENTED_EDGE('',*,*,#4404,.T.);
#4442=ORIENTED_EDGE('',*,*,#4390,.T.);
#4443=ORIENTED_EDGE('',*,*,#4431,.T.);
#4444=ORIENTED_EDGE('',*,*,#4418,.T.);
#4445=EDGE_LOOP('',(#4441,#4442,#4443,#4444));
#4446=FACE_OUTER_BOUND('',#4445,.F.);
#4447=ADVANCED_FACE('',(#4446),#4440,.F.);
#4448=CARTESIAN_POINT('',(-3.1242E0,4.572E-1,-6.35E-1));
#4449=DIRECTION('',(0.E0,7.071067811865E-1,-7.071067811865E-1));
#4450=DIRECTION('',(0.E0,7.071067811865E-1,7.071067811865E-1));
#4451=AXIS2_PLACEMENT_3D('',#4448,#4449,#4450);
#4452=PLANE('',#4451);
#4453=ORIENTED_EDGE('',*,*,#2563,.T.);
#4455=ORIENTED_EDGE('',*,*,#4454,.F.);
#4457=ORIENTED_EDGE('',*,*,#4456,.F.);
#4459=ORIENTED_EDGE('',*,*,#4458,.T.);
#4460=EDGE_LOOP('',(#4453,#4455,#4457,#4459));
#4461=FACE_OUTER_BOUND('',#4460,.F.);
#4462=ADVANCED_FACE('',(#4461),#4452,.F.);
#4463=CARTESIAN_POINT('',(-1.9558E0,4.572E-1,-6.35E-1));
#4464=DIRECTION('',(7.071067811865E-1,0.E0,-7.071067811865E-1));
#4465=DIRECTION('',(7.071067811865E-1,0.E0,7.071067811865E-1));
#4466=AXIS2_PLACEMENT_3D('',#4463,#4464,#4465);
#4467=PLANE('',#4466);
#4468=ORIENTED_EDGE('',*,*,#2569,.T.);
#4470=ORIENTED_EDGE('',*,*,#4469,.F.);
#4472=ORIENTED_EDGE('',*,*,#4471,.F.);
#4473=ORIENTED_EDGE('',*,*,#4454,.T.);
#4474=EDGE_LOOP('',(#4468,#4470,#4472,#4473));
#4475=FACE_OUTER_BOUND('',#4474,.F.);
#4476=ADVANCED_FACE('',(#4475),#4467,.F.);
#4477=CARTESIAN_POINT('',(-1.9558E0,-4.572E-1,-6.35E-1));
#4478=DIRECTION('',(0.E0,-7.071067811865E-1,-7.071067811865E-1));
#4479=DIRECTION('',(0.E0,-7.071067811865E-1,7.071067811865E-1));
#4480=AXIS2_PLACEMENT_3D('',#4477,#4478,#4479);
#4481=PLANE('',#4480);
#4482=ORIENTED_EDGE('',*,*,#2567,.T.);
#4484=ORIENTED_EDGE('',*,*,#4483,.F.);
#4486=ORIENTED_EDGE('',*,*,#4485,.F.);
#4487=ORIENTED_EDGE('',*,*,#4469,.T.);
#4488=EDGE_LOOP('',(#4482,#4484,#4486,#4487));
#4489=FACE_OUTER_BOUND('',#4488,.F.);
#4490=ADVANCED_FACE('',(#4489),#4481,.F.);
#4491=CARTESIAN_POINT('',(-3.1242E0,-4.572E-1,-6.35E-1));
#4492=DIRECTION('',(-7.071067811865E-1,0.E0,-7.071067811865E-1));
#4493=DIRECTION('',(-7.071067811865E-1,0.E0,7.071067811865E-1));
#4494=AXIS2_PLACEMENT_3D('',#4491,#4492,#4493);
#4495=PLANE('',#4494);
#4496=ORIENTED_EDGE('',*,*,#2565,.T.);
#4497=ORIENTED_EDGE('',*,*,#4458,.F.);
#4499=ORIENTED_EDGE('',*,*,#4498,.F.);
#4500=ORIENTED_EDGE('',*,*,#4483,.T.);
#4501=EDGE_LOOP('',(#4496,#4497,#4499,#4500));
#4502=FACE_OUTER_BOUND('',#4501,.F.);
#4503=ADVANCED_FACE('',(#4502),#4495,.F.);
#4504=CARTESIAN_POINT('',(-3.1242E0,-4.572E-1,-7.45998E-1));
#4505=DIRECTION('',(-1.E0,0.E0,0.E0));
#4506=DIRECTION('',(0.E0,0.E0,1.E0));
#4507=AXIS2_PLACEMENT_3D('',#4504,#4505,#4506);
#4508=PLANE('',#4507);
#4510=ORIENTED_EDGE('',*,*,#4509,.T.);
#4511=ORIENTED_EDGE('',*,*,#4498,.T.);
#4513=ORIENTED_EDGE('',*,*,#4512,.F.);
#4515=ORIENTED_EDGE('',*,*,#4514,.F.);
#4516=EDGE_LOOP('',(#4510,#4511,#4513,#4515));
#4517=FACE_OUTER_BOUND('',#4516,.F.);
#4518=ADVANCED_FACE('',(#4517),#4508,.F.);
#4519=CARTESIAN_POINT('',(-1.9558E0,-4.572E-1,-7.45998E-1));
#4520=DIRECTION('',(0.E0,-1.E0,0.E0));
#4521=DIRECTION('',(0.E0,0.E0,1.E0));
#4522=AXIS2_PLACEMENT_3D('',#4519,#4520,#4521);
#4523=PLANE('',#4522);
#4525=ORIENTED_EDGE('',*,*,#4524,.T.);
#4526=ORIENTED_EDGE('',*,*,#4485,.T.);
#4527=ORIENTED_EDGE('',*,*,#4509,.F.);
#4529=ORIENTED_EDGE('',*,*,#4528,.F.);
#4530=EDGE_LOOP('',(#4525,#4526,#4527,#4529));
#4531=FACE_OUTER_BOUND('',#4530,.F.);
#4532=ADVANCED_FACE('',(#4531),#4523,.F.);
#4533=CARTESIAN_POINT('',(-1.9558E0,4.572E-1,-7.45998E-1));
#4534=DIRECTION('',(1.E0,0.E0,0.E0));
#4535=DIRECTION('',(0.E0,0.E0,1.E0));
#4536=AXIS2_PLACEMENT_3D('',#4533,#4534,#4535);
#4537=PLANE('',#4536);
#4539=ORIENTED_EDGE('',*,*,#4538,.T.);
#4540=ORIENTED_EDGE('',*,*,#4471,.T.);
#4541=ORIENTED_EDGE('',*,*,#4524,.F.);
#4543=ORIENTED_EDGE('',*,*,#4542,.F.);
#4544=EDGE_LOOP('',(#4539,#4540,#4541,#4543));
#4545=FACE_OUTER_BOUND('',#4544,.F.);
#4546=ADVANCED_FACE('',(#4545),#4537,.F.);
#4547=CARTESIAN_POINT('',(-3.1242E0,4.572E-1,-7.45998E-1));
#4548=DIRECTION('',(0.E0,1.E0,0.E0));
#4549=DIRECTION('',(0.E0,0.E0,1.E0));
#4550=AXIS2_PLACEMENT_3D('',#4547,#4548,#4549);
#4551=PLANE('',#4550);
#4552=ORIENTED_EDGE('',*,*,#4512,.T.);
#4553=ORIENTED_EDGE('',*,*,#4456,.T.);
#4554=ORIENTED_EDGE('',*,*,#4538,.F.);
#4556=ORIENTED_EDGE('',*,*,#4555,.F.);
#4557=EDGE_LOOP('',(#4552,#4553,#4554,#4556));
#4558=FACE_OUTER_BOUND('',#4557,.F.);
#4559=ADVANCED_FACE('',(#4558),#4551,.F.);
#4560=CARTESIAN_POINT('',(-3.1242E0,8.128E-1,-7.45998E-1));
#4561=DIRECTION('',(0.E0,0.E0,1.E0));
#4562=DIRECTION('',(0.E0,-1.E0,0.E0));
#4563=AXIS2_PLACEMENT_3D('',#4560,#4561,#4562);
#4564=PLANE('',#4563);
#4566=ORIENTED_EDGE('',*,*,#4565,.F.);
#4568=ORIENTED_EDGE('',*,*,#4567,.F.);
#4570=ORIENTED_EDGE('',*,*,#4569,.F.);
#4572=ORIENTED_EDGE('',*,*,#4571,.F.);
#4573=EDGE_LOOP('',(#4566,#4568,#4570,#4572));
#4574=FACE_OUTER_BOUND('',#4573,.F.);
#4575=ORIENTED_EDGE('',*,*,#4514,.T.);
#4576=ORIENTED_EDGE('',*,*,#4555,.T.);
#4577=ORIENTED_EDGE('',*,*,#4542,.T.);
#4578=ORIENTED_EDGE('',*,*,#4528,.T.);
#4579=EDGE_LOOP('',(#4575,#4576,#4577,#4578));
#4580=FACE_BOUND('',#4579,.F.);
#4581=ADVANCED_FACE('',(#4574,#4580),#4564,.F.);
#4582=CARTESIAN_POINT('',(-3.1242E0,8.128E-1,-9.99998E-1));
#4583=DIRECTION('',(0.E0,1.E0,0.E0));
#4584=DIRECTION('',(0.E0,0.E0,1.E0));
#4585=AXIS2_PLACEMENT_3D('',#4582,#4583,#4584);
#4586=PLANE('',#4585);
#4588=ORIENTED_EDGE('',*,*,#4587,.T.);
#4589=ORIENTED_EDGE('',*,*,#4565,.T.);
#4591=ORIENTED_EDGE('',*,*,#4590,.F.);
#4593=ORIENTED_EDGE('',*,*,#4592,.F.);
#4594=EDGE_LOOP('',(#4588,#4589,#4591,#4593));
#4595=FACE_OUTER_BOUND('',#4594,.F.);
#4596=ADVANCED_FACE('',(#4595),#4586,.F.);
#4597=CARTESIAN_POINT('',(-3.4798E0,-4.572E-1,-9.99998E-1));
#4598=DIRECTION('',(-1.E0,0.E0,0.E0));
#4599=DIRECTION('',(0.E0,0.E0,1.E0));
#4600=AXIS2_PLACEMENT_3D('',#4597,#4598,#4599);
#4601=PLANE('',#4600);
#4603=ORIENTED_EDGE('',*,*,#4602,.T.);
#4604=ORIENTED_EDGE('',*,*,#4567,.T.);
#4605=ORIENTED_EDGE('',*,*,#4587,.F.);
#4607=ORIENTED_EDGE('',*,*,#4606,.F.);
#4608=EDGE_LOOP('',(#4603,#4604,#4605,#4607));
#4609=FACE_OUTER_BOUND('',#4608,.F.);
#4610=ADVANCED_FACE('',(#4609),#4601,.F.);
#4611=CARTESIAN_POINT('',(-1.9558E0,-8.128E-1,-9.99998E-1));
#4612=DIRECTION('',(0.E0,-1.E0,0.E0));
#4613=DIRECTION('',(0.E0,0.E0,1.E0));
#4614=AXIS2_PLACEMENT_3D('',#4611,#4612,#4613);
#4615=PLANE('',#4614);
#4617=ORIENTED_EDGE('',*,*,#4616,.T.);
#4618=ORIENTED_EDGE('',*,*,#4569,.T.);
#4619=ORIENTED_EDGE('',*,*,#4602,.F.);
#4621=ORIENTED_EDGE('',*,*,#4620,.F.);
#4622=EDGE_LOOP('',(#4617,#4618,#4619,#4621));
#4623=FACE_OUTER_BOUND('',#4622,.F.);
#4624=ADVANCED_FACE('',(#4623),#4615,.F.);
#4625=CARTESIAN_POINT('',(-1.6002E0,4.572E-1,-9.99998E-1));
#4626=DIRECTION('',(1.E0,0.E0,0.E0));
#4627=DIRECTION('',(0.E0,0.E0,1.E0));
#4628=AXIS2_PLACEMENT_3D('',#4625,#4626,#4627);
#4629=PLANE('',#4628);
#4630=ORIENTED_EDGE('',*,*,#4590,.T.);
#4631=ORIENTED_EDGE('',*,*,#4571,.T.);
#4632=ORIENTED_EDGE('',*,*,#4616,.F.);
#4634=ORIENTED_EDGE('',*,*,#4633,.F.);
#4635=EDGE_LOOP('',(#4630,#4631,#4632,#4634));
#4636=FACE_OUTER_BOUND('',#4635,.F.);
#4637=ADVANCED_FACE('',(#4636),#4629,.F.);
#4638=CARTESIAN_POINT('',(-3.1242E0,0.E0,-9.99998E-1));
#4639=DIRECTION('',(0.E0,0.E0,-1.E0));
#4640=DIRECTION('',(0.E0,1.E0,0.E0));
#4641=AXIS2_PLACEMENT_3D('',#4638,#4639,#4640);
#4642=PLANE('',#4641);
#4643=ORIENTED_EDGE('',*,*,#4606,.T.);
#4644=ORIENTED_EDGE('',*,*,#4592,.T.);
#4645=ORIENTED_EDGE('',*,*,#4633,.T.);
#4646=ORIENTED_EDGE('',*,*,#4620,.T.);
#4647=EDGE_LOOP('',(#4643,#4644,#4645,#4646));
#4648=FACE_OUTER_BOUND('',#4647,.F.);
#4649=ADVANCED_FACE('',(#4648),#4642,.F.);
#4650=CARTESIAN_POINT('',(-5.842E-1,4.572E-1,-6.35E-1));
#4651=DIRECTION('',(0.E0,7.071067811865E-1,-7.071067811865E-1));
#4652=DIRECTION('',(0.E0,7.071067811865E-1,7.071067811865E-1));
#4653=AXIS2_PLACEMENT_3D('',#4650,#4651,#4652);
#4654=PLANE('',#4653);
#4655=ORIENTED_EDGE('',*,*,#2573,.T.);
#4657=ORIENTED_EDGE('',*,*,#4656,.F.);
#4659=ORIENTED_EDGE('',*,*,#4658,.F.);
#4661=ORIENTED_EDGE('',*,*,#4660,.T.);
#4662=EDGE_LOOP('',(#4655,#4657,#4659,#4661));
#4663=FACE_OUTER_BOUND('',#4662,.F.);
#4664=ADVANCED_FACE('',(#4663),#4654,.F.);
#4665=CARTESIAN_POINT('',(5.842E-1,4.572E-1,-6.35E-1));
#4666=DIRECTION('',(7.071067811865E-1,0.E0,-7.071067811865E-1));
#4667=DIRECTION('',(7.071067811865E-1,0.E0,7.071067811865E-1));
#4668=AXIS2_PLACEMENT_3D('',#4665,#4666,#4667);
#4669=PLANE('',#4668);
#4670=ORIENTED_EDGE('',*,*,#2579,.T.);
#4672=ORIENTED_EDGE('',*,*,#4671,.F.);
#4674=ORIENTED_EDGE('',*,*,#4673,.F.);
#4675=ORIENTED_EDGE('',*,*,#4656,.T.);
#4676=EDGE_LOOP('',(#4670,#4672,#4674,#4675));
#4677=FACE_OUTER_BOUND('',#4676,.F.);
#4678=ADVANCED_FACE('',(#4677),#4669,.F.);
#4679=CARTESIAN_POINT('',(5.842E-1,-4.572E-1,-6.35E-1));
#4680=DIRECTION('',(0.E0,-7.071067811865E-1,-7.071067811865E-1));
#4681=DIRECTION('',(0.E0,-7.071067811865E-1,7.071067811865E-1));
#4682=AXIS2_PLACEMENT_3D('',#4679,#4680,#4681);
#4683=PLANE('',#4682);
#4684=ORIENTED_EDGE('',*,*,#2577,.T.);
#4686=ORIENTED_EDGE('',*,*,#4685,.F.);
#4688=ORIENTED_EDGE('',*,*,#4687,.F.);
#4689=ORIENTED_EDGE('',*,*,#4671,.T.);
#4690=EDGE_LOOP('',(#4684,#4686,#4688,#4689));
#4691=FACE_OUTER_BOUND('',#4690,.F.);
#4692=ADVANCED_FACE('',(#4691),#4683,.F.);
#4693=CARTESIAN_POINT('',(-5.842E-1,-4.572E-1,-6.35E-1));
#4694=DIRECTION('',(-7.071067811865E-1,0.E0,-7.071067811865E-1));
#4695=DIRECTION('',(-7.071067811865E-1,0.E0,7.071067811865E-1));
#4696=AXIS2_PLACEMENT_3D('',#4693,#4694,#4695);
#4697=PLANE('',#4696);
#4698=ORIENTED_EDGE('',*,*,#2575,.T.);
#4699=ORIENTED_EDGE('',*,*,#4660,.F.);
#4701=ORIENTED_EDGE('',*,*,#4700,.F.);
#4702=ORIENTED_EDGE('',*,*,#4685,.T.);
#4703=EDGE_LOOP('',(#4698,#4699,#4701,#4702));
#4704=FACE_OUTER_BOUND('',#4703,.F.);
#4705=ADVANCED_FACE('',(#4704),#4697,.F.);
#4706=CARTESIAN_POINT('',(-5.842E-1,-4.572E-1,-7.45998E-1));
#4707=DIRECTION('',(-1.E0,0.E0,0.E0));
#4708=DIRECTION('',(0.E0,0.E0,1.E0));
#4709=AXIS2_PLACEMENT_3D('',#4706,#4707,#4708);
#4710=PLANE('',#4709);
#4712=ORIENTED_EDGE('',*,*,#4711,.T.);
#4713=ORIENTED_EDGE('',*,*,#4700,.T.);
#4715=ORIENTED_EDGE('',*,*,#4714,.F.);
#4717=ORIENTED_EDGE('',*,*,#4716,.F.);
#4718=EDGE_LOOP('',(#4712,#4713,#4715,#4717));
#4719=FACE_OUTER_BOUND('',#4718,.F.);
#4720=ADVANCED_FACE('',(#4719),#4710,.F.);
#4721=CARTESIAN_POINT('',(5.842E-1,-4.572E-1,-7.45998E-1));
#4722=DIRECTION('',(0.E0,-1.E0,0.E0));
#4723=DIRECTION('',(0.E0,0.E0,1.E0));
#4724=AXIS2_PLACEMENT_3D('',#4721,#4722,#4723);
#4725=PLANE('',#4724);
#4727=ORIENTED_EDGE('',*,*,#4726,.T.);
#4728=ORIENTED_EDGE('',*,*,#4687,.T.);
#4729=ORIENTED_EDGE('',*,*,#4711,.F.);
#4731=ORIENTED_EDGE('',*,*,#4730,.F.);
#4732=EDGE_LOOP('',(#4727,#4728,#4729,#4731));
#4733=FACE_OUTER_BOUND('',#4732,.F.);
#4734=ADVANCED_FACE('',(#4733),#4725,.F.);
#4735=CARTESIAN_POINT('',(5.842E-1,4.572E-1,-7.45998E-1));
#4736=DIRECTION('',(1.E0,0.E0,0.E0));
#4737=DIRECTION('',(0.E0,0.E0,1.E0));
#4738=AXIS2_PLACEMENT_3D('',#4735,#4736,#4737);
#4739=PLANE('',#4738);
#4741=ORIENTED_EDGE('',*,*,#4740,.T.);
#4742=ORIENTED_EDGE('',*,*,#4673,.T.);
#4743=ORIENTED_EDGE('',*,*,#4726,.F.);
#4745=ORIENTED_EDGE('',*,*,#4744,.F.);
#4746=EDGE_LOOP('',(#4741,#4742,#4743,#4745));
#4747=FACE_OUTER_BOUND('',#4746,.F.);
#4748=ADVANCED_FACE('',(#4747),#4739,.F.);
#4749=CARTESIAN_POINT('',(-5.842E-1,4.572E-1,-7.45998E-1));
#4750=DIRECTION('',(0.E0,1.E0,0.E0));
#4751=DIRECTION('',(0.E0,0.E0,1.E0));
#4752=AXIS2_PLACEMENT_3D('',#4749,#4750,#4751);
#4753=PLANE('',#4752);
#4754=ORIENTED_EDGE('',*,*,#4714,.T.);
#4755=ORIENTED_EDGE('',*,*,#4658,.T.);
#4756=ORIENTED_EDGE('',*,*,#4740,.F.);
#4758=ORIENTED_EDGE('',*,*,#4757,.F.);
#4759=EDGE_LOOP('',(#4754,#4755,#4756,#4758));
#4760=FACE_OUTER_BOUND('',#4759,.F.);
#4761=ADVANCED_FACE('',(#4760),#4753,.F.);
#4762=CARTESIAN_POINT('',(-5.842E-1,8.128E-1,-7.45998E-1));
#4763=DIRECTION('',(0.E0,0.E0,1.E0));
#4764=DIRECTION('',(0.E0,-1.E0,0.E0));
#4765=AXIS2_PLACEMENT_3D('',#4762,#4763,#4764);
#4766=PLANE('',#4765);
#4768=ORIENTED_EDGE('',*,*,#4767,.F.);
#4770=ORIENTED_EDGE('',*,*,#4769,.F.);
#4772=ORIENTED_EDGE('',*,*,#4771,.F.);
#4774=ORIENTED_EDGE('',*,*,#4773,.F.);
#4775=EDGE_LOOP('',(#4768,#4770,#4772,#4774));
#4776=FACE_OUTER_BOUND('',#4775,.F.);
#4777=ORIENTED_EDGE('',*,*,#4716,.T.);
#4778=ORIENTED_EDGE('',*,*,#4757,.T.);
#4779=ORIENTED_EDGE('',*,*,#4744,.T.);
#4780=ORIENTED_EDGE('',*,*,#4730,.T.);
#4781=EDGE_LOOP('',(#4777,#4778,#4779,#4780));
#4782=FACE_BOUND('',#4781,.F.);
#4783=ADVANCED_FACE('',(#4776,#4782),#4766,.F.);
#4784=CARTESIAN_POINT('',(-5.842E-1,8.128E-1,-9.99998E-1));
#4785=DIRECTION('',(0.E0,1.E0,0.E0));
#4786=DIRECTION('',(0.E0,0.E0,1.E0));
#4787=AXIS2_PLACEMENT_3D('',#4784,#4785,#4786);
#4788=PLANE('',#4787);
#4790=ORIENTED_EDGE('',*,*,#4789,.T.);
#4791=ORIENTED_EDGE('',*,*,#4767,.T.);
#4793=ORIENTED_EDGE('',*,*,#4792,.F.);
#4795=ORIENTED_EDGE('',*,*,#4794,.F.);
#4796=EDGE_LOOP('',(#4790,#4791,#4793,#4795));
#4797=FACE_OUTER_BOUND('',#4796,.F.);
#4798=ADVANCED_FACE('',(#4797),#4788,.F.);
#4799=CARTESIAN_POINT('',(-9.398E-1,-4.572E-1,-9.99998E-1));
#4800=DIRECTION('',(-1.E0,0.E0,0.E0));
#4801=DIRECTION('',(0.E0,0.E0,1.E0));
#4802=AXIS2_PLACEMENT_3D('',#4799,#4800,#4801);
#4803=PLANE('',#4802);
#4805=ORIENTED_EDGE('',*,*,#4804,.T.);
#4806=ORIENTED_EDGE('',*,*,#4769,.T.);
#4807=ORIENTED_EDGE('',*,*,#4789,.F.);
#4809=ORIENTED_EDGE('',*,*,#4808,.F.);
#4810=EDGE_LOOP('',(#4805,#4806,#4807,#4809));
#4811=FACE_OUTER_BOUND('',#4810,.F.);
#4812=ADVANCED_FACE('',(#4811),#4803,.F.);
#4813=CARTESIAN_POINT('',(5.842E-1,-8.128E-1,-9.99998E-1));
#4814=DIRECTION('',(0.E0,-1.E0,0.E0));
#4815=DIRECTION('',(0.E0,0.E0,1.E0));
#4816=AXIS2_PLACEMENT_3D('',#4813,#4814,#4815);
#4817=PLANE('',#4816);
#4819=ORIENTED_EDGE('',*,*,#4818,.T.);
#4820=ORIENTED_EDGE('',*,*,#4771,.T.);
#4821=ORIENTED_EDGE('',*,*,#4804,.F.);
#4823=ORIENTED_EDGE('',*,*,#4822,.F.);
#4824=EDGE_LOOP('',(#4819,#4820,#4821,#4823));
#4825=FACE_OUTER_BOUND('',#4824,.F.);
#4826=ADVANCED_FACE('',(#4825),#4817,.F.);
#4827=CARTESIAN_POINT('',(9.398E-1,4.572E-1,-9.99998E-1));
#4828=DIRECTION('',(1.E0,0.E0,0.E0));
#4829=DIRECTION('',(0.E0,0.E0,1.E0));
#4830=AXIS2_PLACEMENT_3D('',#4827,#4828,#4829);
#4831=PLANE('',#4830);
#4832=ORIENTED_EDGE('',*,*,#4792,.T.);
#4833=ORIENTED_EDGE('',*,*,#4773,.T.);
#4834=ORIENTED_EDGE('',*,*,#4818,.F.);
#4836=ORIENTED_EDGE('',*,*,#4835,.F.);
#4837=EDGE_LOOP('',(#4832,#4833,#4834,#4836));
#4838=FACE_OUTER_BOUND('',#4837,.F.);
#4839=ADVANCED_FACE('',(#4838),#4831,.F.);
#4840=CARTESIAN_POINT('',(-5.842E-1,0.E0,-9.99998E-1));
#4841=DIRECTION('',(0.E0,0.E0,-1.E0));
#4842=DIRECTION('',(0.E0,1.E0,0.E0));
#4843=AXIS2_PLACEMENT_3D('',#4840,#4841,#4842);
#4844=PLANE('',#4843);
#4845=ORIENTED_EDGE('',*,*,#4808,.T.);
#4846=ORIENTED_EDGE('',*,*,#4794,.T.);
#4847=ORIENTED_EDGE('',*,*,#4835,.T.);
#4848=ORIENTED_EDGE('',*,*,#4822,.T.);
#4849=EDGE_LOOP('',(#4845,#4846,#4847,#4848));
#4850=FACE_OUTER_BOUND('',#4849,.F.);
#4851=ADVANCED_FACE('',(#4850),#4844,.F.);
#4852=CARTESIAN_POINT('',(1.9558E0,4.572E-1,-6.35E-1));
#4853=DIRECTION('',(0.E0,7.071067811865E-1,-7.071067811865E-1));
#4854=DIRECTION('',(0.E0,7.071067811865E-1,7.071067811865E-1));
#4855=AXIS2_PLACEMENT_3D('',#4852,#4853,#4854);
#4856=PLANE('',#4855);
#4857=ORIENTED_EDGE('',*,*,#2583,.T.);
#4859=ORIENTED_EDGE('',*,*,#4858,.F.);
#4861=ORIENTED_EDGE('',*,*,#4860,.F.);
#4863=ORIENTED_EDGE('',*,*,#4862,.T.);
#4864=EDGE_LOOP('',(#4857,#4859,#4861,#4863));
#4865=FACE_OUTER_BOUND('',#4864,.F.);
#4866=ADVANCED_FACE('',(#4865),#4856,.F.);
#4867=CARTESIAN_POINT('',(3.1242E0,4.572E-1,-6.35E-1));
#4868=DIRECTION('',(7.071067811865E-1,0.E0,-7.071067811865E-1));
#4869=DIRECTION('',(7.071067811865E-1,0.E0,7.071067811865E-1));
#4870=AXIS2_PLACEMENT_3D('',#4867,#4868,#4869);
#4871=PLANE('',#4870);
#4872=ORIENTED_EDGE('',*,*,#2589,.T.);
#4874=ORIENTED_EDGE('',*,*,#4873,.F.);
#4876=ORIENTED_EDGE('',*,*,#4875,.F.);
#4877=ORIENTED_EDGE('',*,*,#4858,.T.);
#4878=EDGE_LOOP('',(#4872,#4874,#4876,#4877));
#4879=FACE_OUTER_BOUND('',#4878,.F.);
#4880=ADVANCED_FACE('',(#4879),#4871,.F.);
#4881=CARTESIAN_POINT('',(3.1242E0,-4.572E-1,-6.35E-1));
#4882=DIRECTION('',(0.E0,-7.071067811865E-1,-7.071067811865E-1));
#4883=DIRECTION('',(0.E0,-7.071067811865E-1,7.071067811865E-1));
#4884=AXIS2_PLACEMENT_3D('',#4881,#4882,#4883);
#4885=PLANE('',#4884);
#4886=ORIENTED_EDGE('',*,*,#2587,.T.);
#4888=ORIENTED_EDGE('',*,*,#4887,.F.);
#4890=ORIENTED_EDGE('',*,*,#4889,.F.);
#4891=ORIENTED_EDGE('',*,*,#4873,.T.);
#4892=EDGE_LOOP('',(#4886,#4888,#4890,#4891));
#4893=FACE_OUTER_BOUND('',#4892,.F.);
#4894=ADVANCED_FACE('',(#4893),#4885,.F.);
#4895=CARTESIAN_POINT('',(1.9558E0,-4.572E-1,-6.35E-1));
#4896=DIRECTION('',(-7.071067811865E-1,0.E0,-7.071067811865E-1));
#4897=DIRECTION('',(-7.071067811865E-1,0.E0,7.071067811865E-1));
#4898=AXIS2_PLACEMENT_3D('',#4895,#4896,#4897);
#4899=PLANE('',#4898);
#4900=ORIENTED_EDGE('',*,*,#2585,.T.);
#4901=ORIENTED_EDGE('',*,*,#4862,.F.);
#4903=ORIENTED_EDGE('',*,*,#4902,.F.);
#4904=ORIENTED_EDGE('',*,*,#4887,.T.);
#4905=EDGE_LOOP('',(#4900,#4901,#4903,#4904));
#4906=FACE_OUTER_BOUND('',#4905,.F.);
#4907=ADVANCED_FACE('',(#4906),#4899,.F.);
#4908=CARTESIAN_POINT('',(1.9558E0,-4.572E-1,-7.45998E-1));
#4909=DIRECTION('',(-1.E0,0.E0,0.E0));
#4910=DIRECTION('',(0.E0,0.E0,1.E0));
#4911=AXIS2_PLACEMENT_3D('',#4908,#4909,#4910);
#4912=PLANE('',#4911);
#4914=ORIENTED_EDGE('',*,*,#4913,.T.);
#4915=ORIENTED_EDGE('',*,*,#4902,.T.);
#4917=ORIENTED_EDGE('',*,*,#4916,.F.);
#4919=ORIENTED_EDGE('',*,*,#4918,.F.);
#4920=EDGE_LOOP('',(#4914,#4915,#4917,#4919));
#4921=FACE_OUTER_BOUND('',#4920,.F.);
#4922=ADVANCED_FACE('',(#4921),#4912,.F.);
#4923=CARTESIAN_POINT('',(3.1242E0,-4.572E-1,-7.45998E-1));
#4924=DIRECTION('',(0.E0,-1.E0,0.E0));
#4925=DIRECTION('',(0.E0,0.E0,1.E0));
#4926=AXIS2_PLACEMENT_3D('',#4923,#4924,#4925);
#4927=PLANE('',#4926);
#4929=ORIENTED_EDGE('',*,*,#4928,.T.);
#4930=ORIENTED_EDGE('',*,*,#4889,.T.);
#4931=ORIENTED_EDGE('',*,*,#4913,.F.);
#4933=ORIENTED_EDGE('',*,*,#4932,.F.);
#4934=EDGE_LOOP('',(#4929,#4930,#4931,#4933));
#4935=FACE_OUTER_BOUND('',#4934,.F.);
#4936=ADVANCED_FACE('',(#4935),#4927,.F.);
#4937=CARTESIAN_POINT('',(3.1242E0,4.572E-1,-7.45998E-1));
#4938=DIRECTION('',(1.E0,0.E0,0.E0));
#4939=DIRECTION('',(0.E0,0.E0,1.E0));
#4940=AXIS2_PLACEMENT_3D('',#4937,#4938,#4939);
#4941=PLANE('',#4940);
#4943=ORIENTED_EDGE('',*,*,#4942,.T.);
#4944=ORIENTED_EDGE('',*,*,#4875,.T.);
#4945=ORIENTED_EDGE('',*,*,#4928,.F.);
#4947=ORIENTED_EDGE('',*,*,#4946,.F.);
#4948=EDGE_LOOP('',(#4943,#4944,#4945,#4947));
#4949=FACE_OUTER_BOUND('',#4948,.F.);
#4950=ADVANCED_FACE('',(#4949),#4941,.F.);
#4951=CARTESIAN_POINT('',(1.9558E0,4.572E-1,-7.45998E-1));
#4952=DIRECTION('',(0.E0,1.E0,0.E0));
#4953=DIRECTION('',(0.E0,0.E0,1.E0));
#4954=AXIS2_PLACEMENT_3D('',#4951,#4952,#4953);
#4955=PLANE('',#4954);
#4956=ORIENTED_EDGE('',*,*,#4916,.T.);
#4957=ORIENTED_EDGE('',*,*,#4860,.T.);
#4958=ORIENTED_EDGE('',*,*,#4942,.F.);
#4960=ORIENTED_EDGE('',*,*,#4959,.F.);
#4961=EDGE_LOOP('',(#4956,#4957,#4958,#4960));
#4962=FACE_OUTER_BOUND('',#4961,.F.);
#4963=ADVANCED_FACE('',(#4962),#4955,.F.);
#4964=CARTESIAN_POINT('',(1.9558E0,8.128E-1,-7.45998E-1));
#4965=DIRECTION('',(0.E0,0.E0,1.E0));
#4966=DIRECTION('',(0.E0,-1.E0,0.E0));
#4967=AXIS2_PLACEMENT_3D('',#4964,#4965,#4966);
#4968=PLANE('',#4967);
#4970=ORIENTED_EDGE('',*,*,#4969,.F.);
#4972=ORIENTED_EDGE('',*,*,#4971,.F.);
#4974=ORIENTED_EDGE('',*,*,#4973,.F.);
#4976=ORIENTED_EDGE('',*,*,#4975,.F.);
#4977=EDGE_LOOP('',(#4970,#4972,#4974,#4976));
#4978=FACE_OUTER_BOUND('',#4977,.F.);
#4979=ORIENTED_EDGE('',*,*,#4918,.T.);
#4980=ORIENTED_EDGE('',*,*,#4959,.T.);
#4981=ORIENTED_EDGE('',*,*,#4946,.T.);
#4982=ORIENTED_EDGE('',*,*,#4932,.T.);
#4983=EDGE_LOOP('',(#4979,#4980,#4981,#4982));
#4984=FACE_BOUND('',#4983,.F.);
#4985=ADVANCED_FACE('',(#4978,#4984),#4968,.F.);
#4986=CARTESIAN_POINT('',(1.9558E0,8.128E-1,-9.99998E-1));
#4987=DIRECTION('',(0.E0,1.E0,0.E0));
#4988=DIRECTION('',(0.E0,0.E0,1.E0));
#4989=AXIS2_PLACEMENT_3D('',#4986,#4987,#4988);
#4990=PLANE('',#4989);
#4992=ORIENTED_EDGE('',*,*,#4991,.T.);
#4993=ORIENTED_EDGE('',*,*,#4969,.T.);
#4995=ORIENTED_EDGE('',*,*,#4994,.F.);
#4997=ORIENTED_EDGE('',*,*,#4996,.F.);
#4998=EDGE_LOOP('',(#4992,#4993,#4995,#4997));
#4999=FACE_OUTER_BOUND('',#4998,.F.);
#5000=ADVANCED_FACE('',(#4999),#4990,.F.);
#5001=CARTESIAN_POINT('',(1.6002E0,-4.572E-1,-9.99998E-1));
#5002=DIRECTION('',(-1.E0,0.E0,0.E0));
#5003=DIRECTION('',(0.E0,0.E0,1.E0));
#5004=AXIS2_PLACEMENT_3D('',#5001,#5002,#5003);
#5005=PLANE('',#5004);
#5007=ORIENTED_EDGE('',*,*,#5006,.T.);
#5008=ORIENTED_EDGE('',*,*,#4971,.T.);
#5009=ORIENTED_EDGE('',*,*,#4991,.F.);
#5011=ORIENTED_EDGE('',*,*,#5010,.F.);
#5012=EDGE_LOOP('',(#5007,#5008,#5009,#5011));
#5013=FACE_OUTER_BOUND('',#5012,.F.);
#5014=ADVANCED_FACE('',(#5013),#5005,.F.);
#5015=CARTESIAN_POINT('',(3.1242E0,-8.128E-1,-9.99998E-1));
#5016=DIRECTION('',(0.E0,-1.E0,0.E0));
#5017=DIRECTION('',(0.E0,0.E0,1.E0));
#5018=AXIS2_PLACEMENT_3D('',#5015,#5016,#5017);
#5019=PLANE('',#5018);
#5021=ORIENTED_EDGE('',*,*,#5020,.T.);
#5022=ORIENTED_EDGE('',*,*,#4973,.T.);
#5023=ORIENTED_EDGE('',*,*,#5006,.F.);
#5025=ORIENTED_EDGE('',*,*,#5024,.F.);
#5026=EDGE_LOOP('',(#5021,#5022,#5023,#5025));
#5027=FACE_OUTER_BOUND('',#5026,.F.);
#5028=ADVANCED_FACE('',(#5027),#5019,.F.);
#5029=CARTESIAN_POINT('',(3.4798E0,4.572E-1,-9.99998E-1));
#5030=DIRECTION('',(1.E0,0.E0,0.E0));
#5031=DIRECTION('',(0.E0,0.E0,1.E0));
#5032=AXIS2_PLACEMENT_3D('',#5029,#5030,#5031);
#5033=PLANE('',#5032);
#5034=ORIENTED_EDGE('',*,*,#4994,.T.);
#5035=ORIENTED_EDGE('',*,*,#4975,.T.);
#5036=ORIENTED_EDGE('',*,*,#5020,.F.);
#5038=ORIENTED_EDGE('',*,*,#5037,.F.);
#5039=EDGE_LOOP('',(#5034,#5035,#5036,#5038));
#5040=FACE_OUTER_BOUND('',#5039,.F.);
#5041=ADVANCED_FACE('',(#5040),#5033,.F.);
#5042=CARTESIAN_POINT('',(1.9558E0,0.E0,-9.99998E-1));
#5043=DIRECTION('',(0.E0,0.E0,-1.E0));
#5044=DIRECTION('',(0.E0,1.E0,0.E0));
#5045=AXIS2_PLACEMENT_3D('',#5042,#5043,#5044);
#5046=PLANE('',#5045);
#5047=ORIENTED_EDGE('',*,*,#5010,.T.);
#5048=ORIENTED_EDGE('',*,*,#4996,.T.);
#5049=ORIENTED_EDGE('',*,*,#5037,.T.);
#5050=ORIENTED_EDGE('',*,*,#5024,.T.);
#5051=EDGE_LOOP('',(#5047,#5048,#5049,#5050));
#5052=FACE_OUTER_BOUND('',#5051,.F.);
#5053=ADVANCED_FACE('',(#5052),#5046,.F.);
#5054=CARTESIAN_POINT('',(4.4958E0,4.572E-1,-6.35E-1));
#5055=DIRECTION('',(0.E0,7.071067811865E-1,-7.071067811865E-1));
#5056=DIRECTION('',(0.E0,7.071067811865E-1,7.071067811865E-1));
#5057=AXIS2_PLACEMENT_3D('',#5054,#5055,#5056);
#5058=PLANE('',#5057);
#5059=ORIENTED_EDGE('',*,*,#2593,.T.);
#5061=ORIENTED_EDGE('',*,*,#5060,.F.);
#5063=ORIENTED_EDGE('',*,*,#5062,.F.);
#5065=ORIENTED_EDGE('',*,*,#5064,.T.);
#5066=EDGE_LOOP('',(#5059,#5061,#5063,#5065));
#5067=FACE_OUTER_BOUND('',#5066,.F.);
#5068=ADVANCED_FACE('',(#5067),#5058,.F.);
#5069=CARTESIAN_POINT('',(5.6642E0,4.572E-1,-6.35E-1));
#5070=DIRECTION('',(7.071067811865E-1,0.E0,-7.071067811865E-1));
#5071=DIRECTION('',(7.071067811865E-1,0.E0,7.071067811865E-1));
#5072=AXIS2_PLACEMENT_3D('',#5069,#5070,#5071);
#5073=PLANE('',#5072);
#5074=ORIENTED_EDGE('',*,*,#2599,.T.);
#5076=ORIENTED_EDGE('',*,*,#5075,.F.);
#5078=ORIENTED_EDGE('',*,*,#5077,.F.);
#5079=ORIENTED_EDGE('',*,*,#5060,.T.);
#5080=EDGE_LOOP('',(#5074,#5076,#5078,#5079));
#5081=FACE_OUTER_BOUND('',#5080,.F.);
#5082=ADVANCED_FACE('',(#5081),#5073,.F.);
#5083=CARTESIAN_POINT('',(5.6642E0,-4.572E-1,-6.35E-1));
#5084=DIRECTION('',(0.E0,-7.071067811865E-1,-7.071067811865E-1));
#5085=DIRECTION('',(0.E0,-7.071067811865E-1,7.071067811865E-1));
#5086=AXIS2_PLACEMENT_3D('',#5083,#5084,#5085);
#5087=PLANE('',#5086);
#5088=ORIENTED_EDGE('',*,*,#2597,.T.);
#5090=ORIENTED_EDGE('',*,*,#5089,.F.);
#5092=ORIENTED_EDGE('',*,*,#5091,.F.);
#5093=ORIENTED_EDGE('',*,*,#5075,.T.);
#5094=EDGE_LOOP('',(#5088,#5090,#5092,#5093));
#5095=FACE_OUTER_BOUND('',#5094,.F.);
#5096=ADVANCED_FACE('',(#5095),#5087,.F.);
#5097=CARTESIAN_POINT('',(4.4958E0,-4.572E-1,-6.35E-1));
#5098=DIRECTION('',(-7.071067811865E-1,0.E0,-7.071067811865E-1));
#5099=DIRECTION('',(-7.071067811865E-1,0.E0,7.071067811865E-1));
#5100=AXIS2_PLACEMENT_3D('',#5097,#5098,#5099);
#5101=PLANE('',#5100);
#5102=ORIENTED_EDGE('',*,*,#2595,.T.);
#5103=ORIENTED_EDGE('',*,*,#5064,.F.);
#5105=ORIENTED_EDGE('',*,*,#5104,.F.);
#5106=ORIENTED_EDGE('',*,*,#5089,.T.);
#5107=EDGE_LOOP('',(#5102,#5103,#5105,#5106));
#5108=FACE_OUTER_BOUND('',#5107,.F.);
#5109=ADVANCED_FACE('',(#5108),#5101,.F.);
#5110=CARTESIAN_POINT('',(4.4958E0,-4.572E-1,-7.45998E-1));
#5111=DIRECTION('',(-1.E0,0.E0,0.E0));
#5112=DIRECTION('',(0.E0,0.E0,1.E0));
#5113=AXIS2_PLACEMENT_3D('',#5110,#5111,#5112);
#5114=PLANE('',#5113);
#5116=ORIENTED_EDGE('',*,*,#5115,.T.);
#5117=ORIENTED_EDGE('',*,*,#5104,.T.);
#5119=ORIENTED_EDGE('',*,*,#5118,.F.);
#5121=ORIENTED_EDGE('',*,*,#5120,.F.);
#5122=EDGE_LOOP('',(#5116,#5117,#5119,#5121));
#5123=FACE_OUTER_BOUND('',#5122,.F.);
#5124=ADVANCED_FACE('',(#5123),#5114,.F.);
#5125=CARTESIAN_POINT('',(5.6642E0,-4.572E-1,-7.45998E-1));
#5126=DIRECTION('',(0.E0,-1.E0,0.E0));
#5127=DIRECTION('',(0.E0,0.E0,1.E0));
#5128=AXIS2_PLACEMENT_3D('',#5125,#5126,#5127);
#5129=PLANE('',#5128);
#5131=ORIENTED_EDGE('',*,*,#5130,.T.);
#5132=ORIENTED_EDGE('',*,*,#5091,.T.);
#5133=ORIENTED_EDGE('',*,*,#5115,.F.);
#5135=ORIENTED_EDGE('',*,*,#5134,.F.);
#5136=EDGE_LOOP('',(#5131,#5132,#5133,#5135));
#5137=FACE_OUTER_BOUND('',#5136,.F.);
#5138=ADVANCED_FACE('',(#5137),#5129,.F.);
#5139=CARTESIAN_POINT('',(5.6642E0,4.572E-1,-7.45998E-1));
#5140=DIRECTION('',(1.E0,0.E0,0.E0));
#5141=DIRECTION('',(0.E0,0.E0,1.E0));
#5142=AXIS2_PLACEMENT_3D('',#5139,#5140,#5141);
#5143=PLANE('',#5142);
#5145=ORIENTED_EDGE('',*,*,#5144,.T.);
#5146=ORIENTED_EDGE('',*,*,#5077,.T.);
#5147=ORIENTED_EDGE('',*,*,#5130,.F.);
#5149=ORIENTED_EDGE('',*,*,#5148,.F.);
#5150=EDGE_LOOP('',(#5145,#5146,#5147,#5149));
#5151=FACE_OUTER_BOUND('',#5150,.F.);
#5152=ADVANCED_FACE('',(#5151),#5143,.F.);
#5153=CARTESIAN_POINT('',(4.4958E0,4.572E-1,-7.45998E-1));
#5154=DIRECTION('',(0.E0,1.E0,0.E0));
#5155=DIRECTION('',(0.E0,0.E0,1.E0));
#5156=AXIS2_PLACEMENT_3D('',#5153,#5154,#5155);
#5157=PLANE('',#5156);
#5158=ORIENTED_EDGE('',*,*,#5118,.T.);
#5159=ORIENTED_EDGE('',*,*,#5062,.T.);
#5160=ORIENTED_EDGE('',*,*,#5144,.F.);
#5162=ORIENTED_EDGE('',*,*,#5161,.F.);
#5163=EDGE_LOOP('',(#5158,#5159,#5160,#5162));
#5164=FACE_OUTER_BOUND('',#5163,.F.);
#5165=ADVANCED_FACE('',(#5164),#5157,.F.);
#5166=CARTESIAN_POINT('',(4.4958E0,8.128E-1,-7.45998E-1));
#5167=DIRECTION('',(0.E0,0.E0,1.E0));
#5168=DIRECTION('',(0.E0,-1.E0,0.E0));
#5169=AXIS2_PLACEMENT_3D('',#5166,#5167,#5168);
#5170=PLANE('',#5169);
#5172=ORIENTED_EDGE('',*,*,#5171,.F.);
#5174=ORIENTED_EDGE('',*,*,#5173,.F.);
#5176=ORIENTED_EDGE('',*,*,#5175,.F.);
#5178=ORIENTED_EDGE('',*,*,#5177,.F.);
#5179=EDGE_LOOP('',(#5172,#5174,#5176,#5178));
#5180=FACE_OUTER_BOUND('',#5179,.F.);
#5181=ORIENTED_EDGE('',*,*,#5120,.T.);
#5182=ORIENTED_EDGE('',*,*,#5161,.T.);
#5183=ORIENTED_EDGE('',*,*,#5148,.T.);
#5184=ORIENTED_EDGE('',*,*,#5134,.T.);
#5185=EDGE_LOOP('',(#5181,#5182,#5183,#5184));
#5186=FACE_BOUND('',#5185,.F.);
#5187=ADVANCED_FACE('',(#5180,#5186),#5170,.F.);
#5188=CARTESIAN_POINT('',(4.4958E0,8.128E-1,-9.99998E-1));
#5189=DIRECTION('',(0.E0,1.E0,0.E0));
#5190=DIRECTION('',(0.E0,0.E0,1.E0));
#5191=AXIS2_PLACEMENT_3D('',#5188,#5189,#5190);
#5192=PLANE('',#5191);
#5194=ORIENTED_EDGE('',*,*,#5193,.T.);
#5195=ORIENTED_EDGE('',*,*,#5171,.T.);
#5197=ORIENTED_EDGE('',*,*,#5196,.F.);
#5199=ORIENTED_EDGE('',*,*,#5198,.F.);
#5200=EDGE_LOOP('',(#5194,#5195,#5197,#5199));
#5201=FACE_OUTER_BOUND('',#5200,.F.);
#5202=ADVANCED_FACE('',(#5201),#5192,.F.);
#5203=CARTESIAN_POINT('',(4.1402E0,-4.572E-1,-9.99998E-1));
#5204=DIRECTION('',(-1.E0,0.E0,0.E0));
#5205=DIRECTION('',(0.E0,0.E0,1.E0));
#5206=AXIS2_PLACEMENT_3D('',#5203,#5204,#5205);
#5207=PLANE('',#5206);
#5209=ORIENTED_EDGE('',*,*,#5208,.T.);
#5210=ORIENTED_EDGE('',*,*,#5173,.T.);
#5211=ORIENTED_EDGE('',*,*,#5193,.F.);
#5213=ORIENTED_EDGE('',*,*,#5212,.F.);
#5214=EDGE_LOOP('',(#5209,#5210,#5211,#5213));
#5215=FACE_OUTER_BOUND('',#5214,.F.);
#5216=ADVANCED_FACE('',(#5215),#5207,.F.);
#5217=CARTESIAN_POINT('',(5.6642E0,-8.128E-1,-9.99998E-1));
#5218=DIRECTION('',(0.E0,-1.E0,0.E0));
#5219=DIRECTION('',(0.E0,0.E0,1.E0));
#5220=AXIS2_PLACEMENT_3D('',#5217,#5218,#5219);
#5221=PLANE('',#5220);
#5223=ORIENTED_EDGE('',*,*,#5222,.T.);
#5224=ORIENTED_EDGE('',*,*,#5175,.T.);
#5225=ORIENTED_EDGE('',*,*,#5208,.F.);
#5227=ORIENTED_EDGE('',*,*,#5226,.F.);
#5228=EDGE_LOOP('',(#5223,#5224,#5225,#5227));
#5229=FACE_OUTER_BOUND('',#5228,.F.);
#5230=ADVANCED_FACE('',(#5229),#5221,.F.);
#5231=CARTESIAN_POINT('',(6.0198E0,4.572E-1,-9.99998E-1));
#5232=DIRECTION('',(1.E0,0.E0,0.E0));
#5233=DIRECTION('',(0.E0,0.E0,1.E0));
#5234=AXIS2_PLACEMENT_3D('',#5231,#5232,#5233);
#5235=PLANE('',#5234);
#5236=ORIENTED_EDGE('',*,*,#5196,.T.);
#5237=ORIENTED_EDGE('',*,*,#5177,.T.);
#5238=ORIENTED_EDGE('',*,*,#5222,.F.);
#5240=ORIENTED_EDGE('',*,*,#5239,.F.);
#5241=EDGE_LOOP('',(#5236,#5237,#5238,#5240));
#5242=FACE_OUTER_BOUND('',#5241,.F.);
#5243=ADVANCED_FACE('',(#5242),#5235,.F.);
#5244=CARTESIAN_POINT('',(4.4958E0,0.E0,-9.99998E-1));
#5245=DIRECTION('',(0.E0,0.E0,-1.E0));
#5246=DIRECTION('',(0.E0,1.E0,0.E0));
#5247=AXIS2_PLACEMENT_3D('',#5244,#5245,#5246);
#5248=PLANE('',#5247);
#5249=ORIENTED_EDGE('',*,*,#5212,.T.);
#5250=ORIENTED_EDGE('',*,*,#5198,.T.);
#5251=ORIENTED_EDGE('',*,*,#5239,.T.);
#5252=ORIENTED_EDGE('',*,*,#5226,.T.);
#5253=EDGE_LOOP('',(#5249,#5250,#5251,#5252));
#5254=FACE_OUTER_BOUND('',#5253,.F.);
#5255=ADVANCED_FACE('',(#5254),#5248,.F.);
#5256=CARTESIAN_POINT('',(7.0358E0,4.572E-1,-6.35E-1));
#5257=DIRECTION('',(0.E0,7.071067811865E-1,-7.071067811865E-1));
#5258=DIRECTION('',(0.E0,7.071067811865E-1,7.071067811865E-1));
#5259=AXIS2_PLACEMENT_3D('',#5256,#5257,#5258);
#5260=PLANE('',#5259);
#5261=ORIENTED_EDGE('',*,*,#2603,.T.);
#5263=ORIENTED_EDGE('',*,*,#5262,.F.);
#5265=ORIENTED_EDGE('',*,*,#5264,.F.);
#5267=ORIENTED_EDGE('',*,*,#5266,.T.);
#5268=EDGE_LOOP('',(#5261,#5263,#5265,#5267));
#5269=FACE_OUTER_BOUND('',#5268,.F.);
#5270=ADVANCED_FACE('',(#5269),#5260,.F.);
#5271=CARTESIAN_POINT('',(8.2042E0,4.572E-1,-6.35E-1));
#5272=DIRECTION('',(7.071067811865E-1,0.E0,-7.071067811865E-1));
#5273=DIRECTION('',(7.071067811865E-1,0.E0,7.071067811865E-1));
#5274=AXIS2_PLACEMENT_3D('',#5271,#5272,#5273);
#5275=PLANE('',#5274);
#5276=ORIENTED_EDGE('',*,*,#2609,.T.);
#5278=ORIENTED_EDGE('',*,*,#5277,.F.);
#5280=ORIENTED_EDGE('',*,*,#5279,.F.);
#5281=ORIENTED_EDGE('',*,*,#5262,.T.);
#5282=EDGE_LOOP('',(#5276,#5278,#5280,#5281));
#5283=FACE_OUTER_BOUND('',#5282,.F.);
#5284=ADVANCED_FACE('',(#5283),#5275,.F.);
#5285=CARTESIAN_POINT('',(8.2042E0,-4.572E-1,-6.35E-1));
#5286=DIRECTION('',(0.E0,-7.071067811865E-1,-7.071067811865E-1));
#5287=DIRECTION('',(0.E0,-7.071067811865E-1,7.071067811865E-1));
#5288=AXIS2_PLACEMENT_3D('',#5285,#5286,#5287);
#5289=PLANE('',#5288);
#5290=ORIENTED_EDGE('',*,*,#2607,.T.);
#5292=ORIENTED_EDGE('',*,*,#5291,.F.);
#5294=ORIENTED_EDGE('',*,*,#5293,.F.);
#5295=ORIENTED_EDGE('',*,*,#5277,.T.);
#5296=EDGE_LOOP('',(#5290,#5292,#5294,#5295));
#5297=FACE_OUTER_BOUND('',#5296,.F.);
#5298=ADVANCED_FACE('',(#5297),#5289,.F.);
#5299=CARTESIAN_POINT('',(7.0358E0,-4.572E-1,-6.35E-1));
#5300=DIRECTION('',(-7.071067811865E-1,0.E0,-7.071067811865E-1));
#5301=DIRECTION('',(-7.071067811865E-1,0.E0,7.071067811865E-1));
#5302=AXIS2_PLACEMENT_3D('',#5299,#5300,#5301);
#5303=PLANE('',#5302);
#5304=ORIENTED_EDGE('',*,*,#2605,.T.);
#5305=ORIENTED_EDGE('',*,*,#5266,.F.);
#5307=ORIENTED_EDGE('',*,*,#5306,.F.);
#5308=ORIENTED_EDGE('',*,*,#5291,.T.);
#5309=EDGE_LOOP('',(#5304,#5305,#5307,#5308));
#5310=FACE_OUTER_BOUND('',#5309,.F.);
#5311=ADVANCED_FACE('',(#5310),#5303,.F.);
#5312=CARTESIAN_POINT('',(7.0358E0,-4.572E-1,-7.45998E-1));
#5313=DIRECTION('',(-1.E0,0.E0,0.E0));
#5314=DIRECTION('',(0.E0,0.E0,1.E0));
#5315=AXIS2_PLACEMENT_3D('',#5312,#5313,#5314);
#5316=PLANE('',#5315);
#5318=ORIENTED_EDGE('',*,*,#5317,.T.);
#5319=ORIENTED_EDGE('',*,*,#5306,.T.);
#5321=ORIENTED_EDGE('',*,*,#5320,.F.);
#5323=ORIENTED_EDGE('',*,*,#5322,.F.);
#5324=EDGE_LOOP('',(#5318,#5319,#5321,#5323));
#5325=FACE_OUTER_BOUND('',#5324,.F.);
#5326=ADVANCED_FACE('',(#5325),#5316,.F.);
#5327=CARTESIAN_POINT('',(8.2042E0,-4.572E-1,-7.45998E-1));
#5328=DIRECTION('',(0.E0,-1.E0,0.E0));
#5329=DIRECTION('',(0.E0,0.E0,1.E0));
#5330=AXIS2_PLACEMENT_3D('',#5327,#5328,#5329);
#5331=PLANE('',#5330);
#5333=ORIENTED_EDGE('',*,*,#5332,.T.);
#5334=ORIENTED_EDGE('',*,*,#5293,.T.);
#5335=ORIENTED_EDGE('',*,*,#5317,.F.);
#5337=ORIENTED_EDGE('',*,*,#5336,.F.);
#5338=EDGE_LOOP('',(#5333,#5334,#5335,#5337));
#5339=FACE_OUTER_BOUND('',#5338,.F.);
#5340=ADVANCED_FACE('',(#5339),#5331,.F.);
#5341=CARTESIAN_POINT('',(8.2042E0,4.572E-1,-7.45998E-1));
#5342=DIRECTION('',(1.E0,0.E0,0.E0));
#5343=DIRECTION('',(0.E0,0.E0,1.E0));
#5344=AXIS2_PLACEMENT_3D('',#5341,#5342,#5343);
#5345=PLANE('',#5344);
#5347=ORIENTED_EDGE('',*,*,#5346,.T.);
#5348=ORIENTED_EDGE('',*,*,#5279,.T.);
#5349=ORIENTED_EDGE('',*,*,#5332,.F.);
#5351=ORIENTED_EDGE('',*,*,#5350,.F.);
#5352=EDGE_LOOP('',(#5347,#5348,#5349,#5351));
#5353=FACE_OUTER_BOUND('',#5352,.F.);
#5354=ADVANCED_FACE('',(#5353),#5345,.F.);
#5355=CARTESIAN_POINT('',(7.0358E0,4.572E-1,-7.45998E-1));
#5356=DIRECTION('',(0.E0,1.E0,0.E0));
#5357=DIRECTION('',(0.E0,0.E0,1.E0));
#5358=AXIS2_PLACEMENT_3D('',#5355,#5356,#5357);
#5359=PLANE('',#5358);
#5360=ORIENTED_EDGE('',*,*,#5320,.T.);
#5361=ORIENTED_EDGE('',*,*,#5264,.T.);
#5362=ORIENTED_EDGE('',*,*,#5346,.F.);
#5364=ORIENTED_EDGE('',*,*,#5363,.F.);
#5365=EDGE_LOOP('',(#5360,#5361,#5362,#5364));
#5366=FACE_OUTER_BOUND('',#5365,.F.);
#5367=ADVANCED_FACE('',(#5366),#5359,.F.);
#5368=CARTESIAN_POINT('',(7.0358E0,8.128E-1,-7.45998E-1));
#5369=DIRECTION('',(0.E0,0.E0,1.E0));
#5370=DIRECTION('',(0.E0,-1.E0,0.E0));
#5371=AXIS2_PLACEMENT_3D('',#5368,#5369,#5370);
#5372=PLANE('',#5371);
#5374=ORIENTED_EDGE('',*,*,#5373,.F.);
#5376=ORIENTED_EDGE('',*,*,#5375,.F.);
#5378=ORIENTED_EDGE('',*,*,#5377,.F.);
#5380=ORIENTED_EDGE('',*,*,#5379,.F.);
#5381=EDGE_LOOP('',(#5374,#5376,#5378,#5380));
#5382=FACE_OUTER_BOUND('',#5381,.F.);
#5383=ORIENTED_EDGE('',*,*,#5322,.T.);
#5384=ORIENTED_EDGE('',*,*,#5363,.T.);
#5385=ORIENTED_EDGE('',*,*,#5350,.T.);
#5386=ORIENTED_EDGE('',*,*,#5336,.T.);
#5387=EDGE_LOOP('',(#5383,#5384,#5385,#5386));
#5388=FACE_BOUND('',#5387,.F.);
#5389=ADVANCED_FACE('',(#5382,#5388),#5372,.F.);
#5390=CARTESIAN_POINT('',(7.0358E0,8.128E-1,-9.99998E-1));
#5391=DIRECTION('',(0.E0,1.E0,0.E0));
#5392=DIRECTION('',(0.E0,0.E0,1.E0));
#5393=AXIS2_PLACEMENT_3D('',#5390,#5391,#5392);
#5394=PLANE('',#5393);
#5396=ORIENTED_EDGE('',*,*,#5395,.T.);
#5397=ORIENTED_EDGE('',*,*,#5373,.T.);
#5399=ORIENTED_EDGE('',*,*,#5398,.F.);
#5401=ORIENTED_EDGE('',*,*,#5400,.F.);
#5402=EDGE_LOOP('',(#5396,#5397,#5399,#5401));
#5403=FACE_OUTER_BOUND('',#5402,.F.);
#5404=ADVANCED_FACE('',(#5403),#5394,.F.);
#5405=CARTESIAN_POINT('',(6.6802E0,-4.572E-1,-9.99998E-1));
#5406=DIRECTION('',(-1.E0,0.E0,0.E0));
#5407=DIRECTION('',(0.E0,0.E0,1.E0));
#5408=AXIS2_PLACEMENT_3D('',#5405,#5406,#5407);
#5409=PLANE('',#5408);
#5411=ORIENTED_EDGE('',*,*,#5410,.T.);
#5412=ORIENTED_EDGE('',*,*,#5375,.T.);
#5413=ORIENTED_EDGE('',*,*,#5395,.F.);
#5415=ORIENTED_EDGE('',*,*,#5414,.F.);
#5416=EDGE_LOOP('',(#5411,#5412,#5413,#5415));
#5417=FACE_OUTER_BOUND('',#5416,.F.);
#5418=ADVANCED_FACE('',(#5417),#5409,.F.);
#5419=CARTESIAN_POINT('',(8.2042E0,-8.128E-1,-9.99998E-1));
#5420=DIRECTION('',(0.E0,-1.E0,0.E0));
#5421=DIRECTION('',(0.E0,0.E0,1.E0));
#5422=AXIS2_PLACEMENT_3D('',#5419,#5420,#5421);
#5423=PLANE('',#5422);
#5425=ORIENTED_EDGE('',*,*,#5424,.T.);
#5426=ORIENTED_EDGE('',*,*,#5377,.T.);
#5427=ORIENTED_EDGE('',*,*,#5410,.F.);
#5429=ORIENTED_EDGE('',*,*,#5428,.F.);
#5430=EDGE_LOOP('',(#5425,#5426,#5427,#5429));
#5431=FACE_OUTER_BOUND('',#5430,.F.);
#5432=ADVANCED_FACE('',(#5431),#5423,.F.);
#5433=CARTESIAN_POINT('',(8.5598E0,4.572E-1,-9.99998E-1));
#5434=DIRECTION('',(1.E0,0.E0,0.E0));
#5435=DIRECTION('',(0.E0,0.E0,1.E0));
#5436=AXIS2_PLACEMENT_3D('',#5433,#5434,#5435);
#5437=PLANE('',#5436);
#5438=ORIENTED_EDGE('',*,*,#5398,.T.);
#5439=ORIENTED_EDGE('',*,*,#5379,.T.);
#5440=ORIENTED_EDGE('',*,*,#5424,.F.);
#5442=ORIENTED_EDGE('',*,*,#5441,.F.);
#5443=EDGE_LOOP('',(#5438,#5439,#5440,#5442));
#5444=FACE_OUTER_BOUND('',#5443,.F.);
#5445=ADVANCED_FACE('',(#5444),#5437,.F.);
#5446=CARTESIAN_POINT('',(7.0358E0,0.E0,-9.99998E-1));
#5447=DIRECTION('',(0.E0,0.E0,-1.E0));
#5448=DIRECTION('',(0.E0,1.E0,0.E0));
#5449=AXIS2_PLACEMENT_3D('',#5446,#5447,#5448);
#5450=PLANE('',#5449);
#5451=ORIENTED_EDGE('',*,*,#5414,.T.);
#5452=ORIENTED_EDGE('',*,*,#5400,.T.);
#5453=ORIENTED_EDGE('',*,*,#5441,.T.);
#5454=ORIENTED_EDGE('',*,*,#5428,.T.);
#5455=EDGE_LOOP('',(#5451,#5452,#5453,#5454));
#5456=FACE_OUTER_BOUND('',#5455,.F.);
#5457=ADVANCED_FACE('',(#5456),#5450,.F.);
#5458=CLOSED_SHELL('',(#2613,#2628,#2690,#2864,#2879,#2893,#2947,#2960,#2972,
#2986,#3000,#3013,#3025,#3039,#3053,#3066,#3078,#3092,#3106,#3119,#3131,#3145,
#3159,#3172,#3184,#3198,#3212,#3225,#3237,#3249,#3263,#3277,#3290,#3302,#3316,
#3330,#3343,#3355,#3369,#3383,#3396,#3408,#3422,#3436,#3449,#3461,#3475,#3489,
#3502,#3514,#3528,#3542,#3555,#3567,#3582,#3596,#3610,#3623,#3635,#3650,#3664,
#3678,#3691,#3703,#3718,#3732,#3746,#3759,#3771,#3786,#3800,#3814,#3827,#3839,
#3854,#3868,#3882,#3895,#3907,#3922,#3936,#3950,#3963,#3975,#3990,#4004,#4018,
#4031,#4043,#4058,#4072,#4087,#4102,#4117,#4130,#4152,#4167,#4181,#4195,#4208,
#4220,#4233,#4245,#4260,#4274,#4288,#4301,#4316,#4330,#4344,#4357,#4379,#4394,
#4408,#4422,#4435,#4447,#4462,#4476,#4490,#4503,#4518,#4532,#4546,#4559,#4581,
#4596,#4610,#4624,#4637,#4649,#4664,#4678,#4692,#4705,#4720,#4734,#4748,#4761,
#4783,#4798,#4812,#4826,#4839,#4851,#4866,#4880,#4894,#4907,#4922,#4936,#4950,
#4963,#4985,#5000,#5014,#5028,#5041,#5053,#5068,#5082,#5096,#5109,#5124,#5138,
#5152,#5165,#5187,#5202,#5216,#5230,#5243,#5255,#5270,#5284,#5298,#5311,#5326,
#5340,#5354,#5367,#5389,#5404,#5418,#5432,#5445,#5457));
#5459=MANIFOLD_SOLID_BREP('',#5458);
#5460=(LENGTH_UNIT()NAMED_UNIT(*)SI_UNIT(.MILLI.,.METRE.));
#5461=DIMENSIONAL_EXPONENTS(0.E0,0.E0,0.E0,0.E0,0.E0,0.E0,0.E0);
#5462=(NAMED_UNIT(*)PLANE_ANGLE_UNIT()SI_UNIT($,.RADIAN.));
#5463=PLANE_ANGLE_MEASURE_WITH_UNIT(PLANE_ANGLE_MEASURE(1.745329251994E-2),
#5462);
#5464=(CONVERSION_BASED_UNIT('DEGREE',#5463)NAMED_UNIT(#5461)PLANE_ANGLE_UNIT(
));
#5465=(NAMED_UNIT(*)SI_UNIT($,.STERADIAN.)SOLID_ANGLE_UNIT());
#5466=UNCERTAINTY_MEASURE_WITH_UNIT(LENGTH_MEASURE(2.150118133306E-3),#5460,
'distance_accuracy_value',
'Maximum model space distance between geometric entities at asserted connectivities');
#5467=(GEOMETRIC_REPRESENTATION_CONTEXT(3)GLOBAL_UNCERTAINTY_ASSIGNED_CONTEXT((
#5466))GLOBAL_UNIT_ASSIGNED_CONTEXT((#5460,#5464,#5465))REPRESENTATION_CONTEXT(
'ID1','3'));
#5469=APPLICATION_CONTEXT('automotive_design');
#5470=APPLICATION_PROTOCOL_DEFINITION('international standard',
'automotive_design',2001,#5469);
#5471=PRODUCT_DEFINITION_CONTEXT('part definition',#5469,'design');
#5472=PRODUCT_CONTEXT('',#5469,'mechanical');
#5473=PRODUCT('C-534237-5','C-534237-5','NOT SPECIFIED',(#5472));
#5474=PRODUCT_DEFINITION_FORMATION('1','LAST_VERSION',#5473);
#5481=(LENGTH_UNIT()NAMED_UNIT(*)SI_UNIT(.MILLI.,.METRE.));
#5482=DERIVED_UNIT_ELEMENT(#5481,2.E0);
#5483=MEASURE_REPRESENTATION_ITEM('surface area measure',AREA_MEASURE(
5.882269214471E2),#5668);
#5487=(LENGTH_UNIT()NAMED_UNIT(*)SI_UNIT(.MILLI.,.METRE.));
#5488=DERIVED_UNIT_ELEMENT(#5487,3.E0);
#5489=MEASURE_REPRESENTATION_ITEM('volume measure',VOLUME_MEASURE(
5.013579665812E2),#5669);
#5493=CARTESIAN_POINT('centre point',(0.E0,0.E0,-4.273738642996E0));
#5497=(LENGTH_UNIT()NAMED_UNIT(*)SI_UNIT(.MILLI.,.METRE.));
#5498=DERIVED_UNIT_ELEMENT(#5497,2.E0);
#5499=MEASURE_REPRESENTATION_ITEM('surface area measure',AREA_MEASURE(
5.882269214471E2),#5670);
#5503=(LENGTH_UNIT()NAMED_UNIT(*)SI_UNIT(.MILLI.,.METRE.));
#5504=DERIVED_UNIT_ELEMENT(#5503,3.E0);
#5505=MEASURE_REPRESENTATION_ITEM('volume measure',VOLUME_MEASURE(
5.013579665812E2),#5671);
#5509=CARTESIAN_POINT('centre point',(0.E0,0.E0,-4.273738642996E0));
#5514=PRODUCT_RELATED_PRODUCT_CATEGORY('part','',(#5473));
#5516=GENERAL_PROPERTY('user defined attribute','','');
#5517=GENERAL_PROPERTY_ASSOCIATION('user defined attribute','',#5516,#5515);
#5518=DESCRIPTIVE_REPRESENTATION_ITEM('PART_NO','534237');
#5522=GENERAL_PROPERTY('user defined attribute','','');
#5523=GENERAL_PROPERTY_ASSOCIATION('user defined attribute','',#5522,#5521);
#5524=DESCRIPTIVE_REPRESENTATION_ITEM('DWG_TITLE',
'RECPT.ASSY, MOD IV, SINGLE ROW, .100CL, VERTICAL BOARD MOUNT,');
#5528=GENERAL_PROPERTY('user defined attribute','','');
#5529=GENERAL_PROPERTY_ASSOCIATION('user defined attribute','',#5528,#5527);
#5530=DESCRIPTIVE_REPRESENTATION_ITEM('DWG_TITLE_2',
'CLOSED, TOP ENTRY, SHORT PNT. OF CONTACT');
#5534=GENERAL_PROPERTY('user defined attribute','','');
#5535=GENERAL_PROPERTY_ASSOCIATION('user defined attribute','',#5534,#5533);
#5536=DESCRIPTIVE_REPRESENTATION_ITEM('DESC',
'RECPT. ASSY. MOD IV, SINGLE ROW, .100CL, VERTICAL BOARD MOUNT,CLOSED, TOP ENTRY ');
#5540=GENERAL_PROPERTY('user defined attribute','','');
#5541=GENERAL_PROPERTY_ASSOCIATION('user defined attribute','',#5540,#5539);
#5542=DESCRIPTIVE_REPRESENTATION_ITEM('TYPE','F');
#5546=GENERAL_PROPERTY('user defined attribute','','');
#5547=GENERAL_PROPERTY_ASSOCIATION('user defined attribute','',#5546,#5545);
#5548=VALUE_REPRESENTATION_ITEM('SORT',NUMERIC_MEASURE(0.E0));
#5552=GENERAL_PROPERTY('user defined attribute','','');
#5553=GENERAL_PROPERTY_ASSOCIATION('user defined attribute','',#5552,#5551);
#5554=DESCRIPTIVE_REPRESENTATION_ITEM('MOD_NUM','MOD37387');
#5558=GENERAL_PROPERTY('user defined attribute','','');
#5559=GENERAL_PROPERTY_ASSOCIATION('user defined attribute','',#5558,#5557);
#5560=DESCRIPTIVE_REPRESENTATION_ITEM('DOC_STATUS','Active');
#5564=GENERAL_PROPERTY('user defined attribute','','');
#5565=GENERAL_PROPERTY_ASSOCIATION('user defined attribute','',#5564,#5563);
#5566=DESCRIPTIVE_REPRESENTATION_ITEM('PDMREV','1.1+');
#5570=GENERAL_PROPERTY('user defined attribute','','');
#5571=GENERAL_PROPERTY_ASSOCIATION('user defined attribute','',#5570,#5569);
#5572=DESCRIPTIVE_REPRESENTATION_ITEM('PDMDB','');
#5576=GENERAL_PROPERTY('user defined attribute','','');
#5577=GENERAL_PROPERTY_ASSOCIATION('user defined attribute','',#5576,#5575);
#5578=DESCRIPTIVE_REPRESENTATION_ITEM('PDMRL','Complete');
#5582=GENERAL_PROPERTY('user defined attribute','','');
#5583=GENERAL_PROPERTY_ASSOCIATION('user defined attribute','',#5582,#5581);
#5584=DESCRIPTIVE_REPRESENTATION_ITEM('PROI_REVISION','1');
#5588=GENERAL_PROPERTY('user defined attribute','','');
#5589=GENERAL_PROPERTY_ASSOCIATION('user defined attribute','',#5588,#5587);
#5590=DESCRIPTIVE_REPRESENTATION_ITEM('PROI_VERSION','1+');
#5594=GENERAL_PROPERTY('user defined attribute','','');
#5595=GENERAL_PROPERTY_ASSOCIATION('user defined attribute','',#5594,#5593);
#5596=DESCRIPTIVE_REPRESENTATION_ITEM('PROI_BRANCH','main');
#5600=GENERAL_PROPERTY('user defined attribute','','');
#5601=GENERAL_PROPERTY_ASSOCIATION('user defined attribute','',#5600,#5599);
#5602=DESCRIPTIVE_REPRESENTATION_ITEM('PROI_RELEASE','Complete');
#5606=GENERAL_PROPERTY('user defined attribute','','');
#5607=GENERAL_PROPERTY_ASSOCIATION('user defined attribute','',#5606,#5605);
#5608=VALUE_REPRESENTATION_ITEM('PROI_MODIFIED',NUMERIC_MEASURE(3.E0));
#5612=GENERAL_PROPERTY('user defined attribute','','');
#5613=GENERAL_PROPERTY_ASSOCIATION('user defined attribute','',#5612,#5611);
#5615=GENERAL_PROPERTY('user defined attribute','','');
#5616=GENERAL_PROPERTY_ASSOCIATION('user defined attribute','',#5615,#5614);
#5617=DESCRIPTIVE_REPRESENTATION_ITEM('PROI_CREATED_BY','US011758');
#5621=GENERAL_PROPERTY('user defined attribute','','');
#5622=GENERAL_PROPERTY_ASSOCIATION('user defined attribute','',#5621,#5620);
#5623=DESCRIPTIVE_REPRESENTATION_ITEM('PROI_CREATED_ON',
'12/17/2010 1:36:53 PM');
#5627=GENERAL_PROPERTY('user defined attribute','','');
#5628=GENERAL_PROPERTY_ASSOCIATION('user defined attribute','',#5627,#5626);
#5629=DESCRIPTIVE_REPRESENTATION_ITEM('PROI_LOCATION',
'Root Folder/EMCS MOD SVCS/GPL-281');
#5633=GENERAL_PROPERTY('user defined attribute','','');
#5634=GENERAL_PROPERTY_ASSOCIATION('user defined attribute','',#5633,#5632);
#5635=DESCRIPTIVE_REPRESENTATION_ITEM('PART_REV','S');
#5639=GENERAL_PROPERTY('user defined attribute','','');
#5640=GENERAL_PROPERTY_ASSOCIATION('user defined attribute','',#5639,#5638);
#5641=DESCRIPTIVE_REPRESENTATION_ITEM('TIR','1');
#5645=GENERAL_PROPERTY('user defined attribute','','');
#5646=GENERAL_PROPERTY_ASSOCIATION('user defined attribute','',#5645,#5644);
#5647=DESCRIPTIVE_REPRESENTATION_ITEM('DOC_LANGUAGE','English');
#5651=GENERAL_PROPERTY('user defined attribute','','');
#5652=GENERAL_PROPERTY_ASSOCIATION('user defined attribute','',#5651,#5650);
#5653=DESCRIPTIVE_REPRESENTATION_ITEM('REASON_DOC_CHANGE','Not Specified');
#5657=GENERAL_PROPERTY('user defined attribute','','');
#5658=GENERAL_PROPERTY_ASSOCIATION('user defined attribute','',#5657,#5656);
#5659=DESCRIPTIVE_REPRESENTATION_ITEM('SEND_WEIGHT','NO');
#5663=GENERAL_PROPERTY('user defined attribute','','');
#5664=GENERAL_PROPERTY_ASSOCIATION('user defined attribute','',#5663,#5662);
#5665=DESCRIPTIVE_REPRESENTATION_ITEM('PTC_COMMON_NAME','');
#2533=EDGE_CURVE('',#1930,#1931,#75,.T.);
#2535=EDGE_CURVE('',#1931,#1933,#79,.T.);
#2537=EDGE_CURVE('',#1933,#1935,#83,.T.);
#2539=EDGE_CURVE('',#1935,#1930,#87,.T.);
#2543=EDGE_CURVE('',#1947,#1949,#91,.T.);
#2545=EDGE_CURVE('',#1953,#1947,#95,.T.);
#2547=EDGE_CURVE('',#1951,#1953,#99,.T.);
#2549=EDGE_CURVE('',#1949,#1951,#103,.T.);
#2553=EDGE_CURVE('',#1994,#1995,#107,.T.);
#2555=EDGE_CURVE('',#1999,#1994,#111,.T.);
#2557=EDGE_CURVE('',#1997,#1999,#115,.T.);
#2559=EDGE_CURVE('',#1995,#1997,#119,.T.);
#2563=EDGE_CURVE('',#2010,#2011,#123,.T.);
#2565=EDGE_CURVE('',#2015,#2010,#127,.T.);
#2567=EDGE_CURVE('',#2013,#2015,#131,.T.);
#2569=EDGE_CURVE('',#2011,#2013,#135,.T.);
#2573=EDGE_CURVE('',#2210,#2211,#139,.T.);
#2575=EDGE_CURVE('',#2215,#2210,#143,.T.);
#2577=EDGE_CURVE('',#2213,#2215,#147,.T.);
#2579=EDGE_CURVE('',#2211,#2213,#151,.T.);
#2583=EDGE_CURVE('',#2298,#2299,#155,.T.);
#2585=EDGE_CURVE('',#2303,#2298,#159,.T.);
#2587=EDGE_CURVE('',#2301,#2303,#163,.T.);
#2589=EDGE_CURVE('',#2299,#2301,#167,.T.);
#2593=EDGE_CURVE('',#2386,#2387,#171,.T.);
#2595=EDGE_CURVE('',#2391,#2386,#175,.T.);
#2597=EDGE_CURVE('',#2389,#2391,#179,.T.);
#2599=EDGE_CURVE('',#2387,#2389,#183,.T.);
#2603=EDGE_CURVE('',#2474,#2475,#187,.T.);
#2605=EDGE_CURVE('',#2479,#2474,#191,.T.);
#2607=EDGE_CURVE('',#2477,#2479,#195,.T.);
#2609=EDGE_CURVE('',#2475,#2477,#199,.T.);
#2620=EDGE_CURVE('',#1930,#1938,#203,.T.);
#2622=EDGE_CURVE('',#1938,#1939,#295,.T.);
#2624=EDGE_CURVE('',#1931,#1939,#687,.T.);
#2634=EDGE_CURVE('',#2407,#2493,#315,.T.);
#2636=EDGE_CURVE('',#2493,#2482,#207,.T.);
#2638=EDGE_CURVE('',#2482,#2483,#211,.T.);
#2640=EDGE_CURVE('',#2483,#2495,#215,.T.);
#2642=EDGE_CURVE('',#2495,#1938,#299,.T.);
#2646=EDGE_CURVE('',#1935,#1943,#219,.T.);
#2648=EDGE_CURVE('',#1943,#1971,#395,.T.);
#2650=EDGE_CURVE('',#1971,#1962,#223,.T.);
#2652=EDGE_CURVE('',#1962,#1963,#227,.T.);
#2654=EDGE_CURVE('',#1963,#1975,#231,.T.);
#2656=EDGE_CURVE('',#1975,#2077,#379,.T.);
#2658=EDGE_CURVE('',#2077,#2066,#235,.T.);
#2660=EDGE_CURVE('',#2066,#2067,#239,.T.);
#2662=EDGE_CURVE('',#2067,#2079,#243,.T.);
#2664=EDGE_CURVE('',#2079,#2229,#363,.T.);
#2666=EDGE_CURVE('',#2229,#2218,#247,.T.);
#2668=EDGE_CURVE('',#2218,#2219,#251,.T.);
#2670=EDGE_CURVE('',#2219,#2231,#255,.T.);
#2672=EDGE_CURVE('',#2231,#2317,#347,.T.);
#2674=EDGE_CURVE('',#2317,#2306,#259,.T.);
#2676=EDGE_CURVE('',#2306,#2307,#263,.T.);
#2678=EDGE_CURVE('',#2307,#2319,#267,.T.);
#2680=EDGE_CURVE('',#2319,#2405,#331,.T.);
#2682=EDGE_CURVE('',#2405,#2394,#271,.T.);
#2684=EDGE_CURVE('',#2394,#2395,#275,.T.);
#2686=EDGE_CURVE('',#2395,#2407,#279,.T.);
#2696=EDGE_CURVE('',#2506,#2507,#283,.T.);
#2698=EDGE_CURVE('',#2509,#2506,#287,.T.);
#2700=EDGE_CURVE('',#1939,#2509,#291,.T.);
#2704=EDGE_CURVE('',#2495,#2490,#303,.T.);
#2706=EDGE_CURVE('',#2490,#2491,#307,.T.);
#2708=EDGE_CURVE('',#2493,#2491,#311,.T.);
#2711=EDGE_CURVE('',#2407,#2402,#319,.T.);
#2713=EDGE_CURVE('',#2402,#2403,#323,.T.);
#2715=EDGE_CURVE('',#2405,#2403,#327,.T.);
#2718=EDGE_CURVE('',#2319,#2314,#335,.T.);
#2720=EDGE_CURVE('',#2314,#2315,#339,.T.);
#2722=EDGE_CURVE('',#2317,#2315,#343,.T.);
#2725=EDGE_CURVE('',#2231,#2226,#351,.T.);
#2727=EDGE_CURVE('',#2226,#2227,#355,.T.);
#2729=EDGE_CURVE('',#2229,#2227,#359,.T.);
#2732=EDGE_CURVE('',#2079,#2074,#367,.T.);
#2734=EDGE_CURVE('',#2074,#2075,#371,.T.);
#2736=EDGE_CURVE('',#2077,#2075,#375,.T.);
#2739=EDGE_CURVE('',#1974,#1975,#383,.T.);
#2741=EDGE_CURVE('',#1974,#1970,#387,.T.);
#2743=EDGE_CURVE('',#1970,#1971,#391,.T.);
#2746=EDGE_CURVE('',#1942,#1943,#399,.T.);
#2748=EDGE_CURVE('',#1985,#1942,#403,.T.);
#2750=EDGE_CURVE('',#1985,#1991,#407,.T.);
#2752=EDGE_CURVE('',#1990,#1991,#411,.T.);
#2754=EDGE_CURVE('',#1987,#1990,#415,.T.);
#2756=EDGE_CURVE('',#2095,#1987,#419,.T.);
#2758=EDGE_CURVE('',#2095,#2091,#423,.T.);
#2760=EDGE_CURVE('',#2090,#2091,#427,.T.);
#2762=EDGE_CURVE('',#2093,#2090,#431,.T.);
#2764=EDGE_CURVE('',#2247,#2093,#435,.T.);
#2766=EDGE_CURVE('',#2247,#2243,#439,.T.);
#2768=EDGE_CURVE('',#2242,#2243,#443,.T.);
#2770=EDGE_CURVE('',#2245,#2242,#447,.T.);
#2772=EDGE_CURVE('',#2335,#2245,#451,.T.);
#2774=EDGE_CURVE('',#2335,#2331,#455,.T.);
#2776=EDGE_CURVE('',#2330,#2331,#459,.T.);
#2778=EDGE_CURVE('',#2333,#2330,#463,.T.);
#2780=EDGE_CURVE('',#2423,#2333,#467,.T.);
#2782=EDGE_CURVE('',#2423,#2419,#471,.T.);
#2784=EDGE_CURVE('',#2418,#2419,#475,.T.);
#2786=EDGE_CURVE('',#2421,#2418,#479,.T.);
#2788=EDGE_CURVE('',#2511,#2421,#483,.T.);
#2790=EDGE_CURVE('',#2511,#2507,#487,.T.);
#2794=EDGE_CURVE('',#2059,#2057,#491,.T.);
#2796=EDGE_CURVE('',#2059,#2063,#495,.T.);
#2798=EDGE_CURVE('',#2063,#2061,#499,.T.);
#2800=EDGE_CURVE('',#2057,#2061,#503,.T.);
#2804=EDGE_CURVE('',#2106,#2107,#507,.T.);
#2806=EDGE_CURVE('',#2106,#2110,#511,.T.);
#2808=EDGE_CURVE('',#2110,#2111,#515,.T.);
#2810=EDGE_CURVE('',#2107,#2111,#519,.T.);
#2814=EDGE_CURVE('',#2122,#2123,#523,.T.);
#2816=EDGE_CURVE('',#2122,#2126,#527,.T.);
#2818=EDGE_CURVE('',#2126,#2127,#531,.T.);
#2820=EDGE_CURVE('',#2123,#2127,#535,.T.);
#2824=EDGE_CURVE('',#2258,#2259,#539,.T.);
#2826=EDGE_CURVE('',#2258,#2262,#543,.T.);
#2828=EDGE_CURVE('',#2262,#2263,#547,.T.);
#2830=EDGE_CURVE('',#2259,#2263,#551,.T.);
#2834=EDGE_CURVE('',#2346,#2347,#555,.T.);
#2836=EDGE_CURVE('',#2346,#2350,#559,.T.);
#2838=EDGE_CURVE('',#2350,#2351,#563,.T.);
#2840=EDGE_CURVE('',#2347,#2351,#567,.T.);
#2844=EDGE_CURVE('',#2434,#2435,#571,.T.);
#2846=EDGE_CURVE('',#2434,#2438,#575,.T.);
#2848=EDGE_CURVE('',#2438,#2439,#579,.T.);
#2850=EDGE_CURVE('',#2435,#2439,#583,.T.);
#2854=EDGE_CURVE('',#2522,#2523,#587,.T.);
#2856=EDGE_CURVE('',#2522,#2526,#591,.T.);
#2858=EDGE_CURVE('',#2526,#2527,#595,.T.);
#2860=EDGE_CURVE('',#2523,#2527,#599,.T.);
#2871=EDGE_CURVE('',#2507,#2502,#603,.T.);
#2873=EDGE_CURVE('',#2502,#2503,#607,.T.);
#2875=EDGE_CURVE('',#2503,#2506,#611,.T.);
#2886=EDGE_CURVE('',#2511,#2498,#623,.T.);
#2888=EDGE_CURVE('',#2498,#2502,#695,.T.);
#2900=EDGE_CURVE('',#2499,#2509,#615,.T.);
#2902=EDGE_CURVE('',#2498,#2499,#619,.T.);
#2906=EDGE_CURVE('',#2411,#2421,#627,.T.);
#2908=EDGE_CURVE('',#2410,#2411,#631,.T.);
#2910=EDGE_CURVE('',#2423,#2410,#635,.T.);
#2913=EDGE_CURVE('',#2323,#2333,#639,.T.);
#2915=EDGE_CURVE('',#2322,#2323,#643,.T.);
#2917=EDGE_CURVE('',#2335,#2322,#647,.T.);
#2920=EDGE_CURVE('',#2235,#2245,#651,.T.);
#2922=EDGE_CURVE('',#2234,#2235,#655,.T.);
#2924=EDGE_CURVE('',#2247,#2234,#659,.T.);
#2927=EDGE_CURVE('',#2083,#2093,#663,.T.);
#2929=EDGE_CURVE('',#2082,#2083,#667,.T.);
#2931=EDGE_CURVE('',#2095,#2082,#671,.T.);
#2934=EDGE_CURVE('',#1979,#1987,#675,.T.);
#2936=EDGE_CURVE('',#1978,#1979,#679,.T.);
#2938=EDGE_CURVE('',#1985,#1978,#683,.T.);
#2941=EDGE_CURVE('',#1933,#1942,#799,.T.);
#2955=EDGE_CURVE('',#2499,#2503,#691,.T.);
#2979=EDGE_CURVE('',#2415,#2418,#711,.T.);
#2981=EDGE_CURVE('',#2411,#2415,#699,.T.);
#2993=EDGE_CURVE('',#2419,#2414,#703,.T.);
#2995=EDGE_CURVE('',#2414,#2415,#707,.T.);
#3008=EDGE_CURVE('',#2410,#2414,#715,.T.);
#3032=EDGE_CURVE('',#2327,#2330,#731,.T.);
#3034=EDGE_CURVE('',#2323,#2327,#719,.T.);
#3046=EDGE_CURVE('',#2331,#2326,#723,.T.);
#3048=EDGE_CURVE('',#2326,#2327,#727,.T.);
#3061=EDGE_CURVE('',#2322,#2326,#735,.T.);
#3085=EDGE_CURVE('',#2239,#2242,#751,.T.);
#3087=EDGE_CURVE('',#2235,#2239,#739,.T.);
#3099=EDGE_CURVE('',#2243,#2238,#743,.T.);
#3101=EDGE_CURVE('',#2238,#2239,#747,.T.);
#3114=EDGE_CURVE('',#2234,#2238,#755,.T.);
#3138=EDGE_CURVE('',#2087,#2090,#771,.T.);
#3140=EDGE_CURVE('',#2083,#2087,#759,.T.);
#3152=EDGE_CURVE('',#2091,#2086,#763,.T.);
#3154=EDGE_CURVE('',#2086,#2087,#767,.T.);
#3167=EDGE_CURVE('',#2082,#2086,#775,.T.);
#3192=EDGE_CURVE('',#1982,#1990,#791,.T.);
#3194=EDGE_CURVE('',#1982,#1979,#779,.T.);
#3205=EDGE_CURVE('',#1991,#1983,#783,.T.);
#3207=EDGE_CURVE('',#1982,#1983,#787,.T.);
#3219=EDGE_CURVE('',#1983,#1978,#795,.T.);
#3257=EDGE_CURVE('',#2483,#2487,#803,.T.);
#3259=EDGE_CURVE('',#2487,#2490,#811,.T.);
#3270=EDGE_CURVE('',#2482,#2486,#807,.T.);
#3272=EDGE_CURVE('',#2486,#2487,#815,.T.);
#3284=EDGE_CURVE('',#2491,#2486,#819,.T.);
#3310=EDGE_CURVE('',#2395,#2399,#823,.T.);
#3312=EDGE_CURVE('',#2399,#2402,#831,.T.);
#3323=EDGE_CURVE('',#2394,#2398,#827,.T.);
#3325=EDGE_CURVE('',#2398,#2399,#835,.T.);
#3337=EDGE_CURVE('',#2403,#2398,#839,.T.);
#3363=EDGE_CURVE('',#2307,#2311,#843,.T.);
#3365=EDGE_CURVE('',#2311,#2314,#851,.T.);
#3376=EDGE_CURVE('',#2306,#2310,#847,.T.);
#3378=EDGE_CURVE('',#2310,#2311,#855,.T.);
#3390=EDGE_CURVE('',#2315,#2310,#859,.T.);
#3416=EDGE_CURVE('',#2219,#2223,#863,.T.);
#3418=EDGE_CURVE('',#2223,#2226,#871,.T.);
#3429=EDGE_CURVE('',#2218,#2222,#867,.T.);
#3431=EDGE_CURVE('',#2222,#2223,#875,.T.);
#3443=EDGE_CURVE('',#2227,#2222,#879,.T.);
#3469=EDGE_CURVE('',#2067,#2071,#883,.T.);
#3471=EDGE_CURVE('',#2071,#2074,#891,.T.);
#3482=EDGE_CURVE('',#2066,#2070,#887,.T.);
#3484=EDGE_CURVE('',#2070,#2071,#895,.T.);
#3496=EDGE_CURVE('',#2075,#2070,#899,.T.);
#3522=EDGE_CURVE('',#1963,#1967,#903,.T.);
#3524=EDGE_CURVE('',#1967,#1974,#911,.T.);
#3535=EDGE_CURVE('',#1962,#1966,#907,.T.);
#3537=EDGE_CURVE('',#1966,#1967,#915,.T.);
#3549=EDGE_CURVE('',#1970,#1966,#919,.T.);
#3573=EDGE_CURVE('',#2057,#2050,#923,.T.);
#3575=EDGE_CURVE('',#2050,#2051,#927,.T.);
#3577=EDGE_CURVE('',#2051,#2059,#931,.T.);
#3590=EDGE_CURVE('',#2061,#2054,#935,.T.);
#3592=EDGE_CURVE('',#2050,#2054,#951,.T.);
#3604=EDGE_CURVE('',#2055,#2063,#939,.T.);
#3606=EDGE_CURVE('',#2054,#2055,#943,.T.);
#3617=EDGE_CURVE('',#2051,#2055,#947,.T.);
#3642=EDGE_CURVE('',#2107,#2098,#955,.T.);
#3644=EDGE_CURVE('',#2098,#2099,#959,.T.);
#3646=EDGE_CURVE('',#2099,#2106,#963,.T.);
#3657=EDGE_CURVE('',#2111,#2102,#975,.T.);
#3659=EDGE_CURVE('',#2098,#2102,#983,.T.);
#3671=EDGE_CURVE('',#2103,#2110,#967,.T.);
#3673=EDGE_CURVE('',#2102,#2103,#971,.T.);
#3686=EDGE_CURVE('',#2099,#2103,#979,.T.);
#3710=EDGE_CURVE('',#2123,#2114,#987,.T.);
#3712=EDGE_CURVE('',#2114,#2115,#991,.T.);
#3714=EDGE_CURVE('',#2115,#2122,#995,.T.);
#3725=EDGE_CURVE('',#2127,#2118,#1007,.T.);
#3727=EDGE_CURVE('',#2114,#2118,#1015,.T.);
#3739=EDGE_CURVE('',#2119,#2126,#999,.T.);
#3741=EDGE_CURVE('',#2118,#2119,#1003,.T.);
#3754=EDGE_CURVE('',#2115,#2119,#1011,.T.);
#3778=EDGE_CURVE('',#2259,#2250,#1019,.T.);
#3780=EDGE_CURVE('',#2250,#2251,#1023,.T.);
#3782=EDGE_CURVE('',#2251,#2258,#1027,.T.);
#3793=EDGE_CURVE('',#2263,#2254,#1039,.T.);
#3795=EDGE_CURVE('',#2250,#2254,#1047,.T.);
#3807=EDGE_CURVE('',#2255,#2262,#1031,.T.);
#3809=EDGE_CURVE('',#2254,#2255,#1035,.T.);
#3822=EDGE_CURVE('',#2251,#2255,#1043,.T.);
#3846=EDGE_CURVE('',#2347,#2338,#1051,.T.);
#3848=EDGE_CURVE('',#2338,#2339,#1055,.T.);
#3850=EDGE_CURVE('',#2339,#2346,#1059,.T.);
#3861=EDGE_CURVE('',#2351,#2342,#1071,.T.);
#3863=EDGE_CURVE('',#2338,#2342,#1079,.T.);
#3875=EDGE_CURVE('',#2343,#2350,#1063,.T.);
#3877=EDGE_CURVE('',#2342,#2343,#1067,.T.);
#3890=EDGE_CURVE('',#2339,#2343,#1075,.T.);
#3914=EDGE_CURVE('',#2435,#2426,#1083,.T.);
#3916=EDGE_CURVE('',#2426,#2427,#1087,.T.);
#3918=EDGE_CURVE('',#2427,#2434,#1091,.T.);
#3929=EDGE_CURVE('',#2439,#2430,#1103,.T.);
#3931=EDGE_CURVE('',#2426,#2430,#1111,.T.);
#3943=EDGE_CURVE('',#2431,#2438,#1095,.T.);
#3945=EDGE_CURVE('',#2430,#2431,#1099,.T.);
#3958=EDGE_CURVE('',#2427,#2431,#1107,.T.);
#3982=EDGE_CURVE('',#2523,#2514,#1115,.T.);
#3984=EDGE_CURVE('',#2514,#2515,#1119,.T.);
#3986=EDGE_CURVE('',#2515,#2522,#1123,.T.);
#3997=EDGE_CURVE('',#2527,#2518,#1135,.T.);
#3999=EDGE_CURVE('',#2514,#2518,#1143,.T.);
#4011=EDGE_CURVE('',#2519,#2526,#1127,.T.);
#4013=EDGE_CURVE('',#2518,#2519,#1131,.T.);
#4026=EDGE_CURVE('',#2515,#2519,#1139,.T.);
#4049=EDGE_CURVE('',#1946,#1947,#1151,.T.);
#4052=EDGE_CURVE('',#1955,#1949,#1247,.T.);
#4054=EDGE_CURVE('',#1946,#1955,#1147,.T.);
#4065=EDGE_CURVE('',#1959,#1946,#1155,.T.);
#4067=EDGE_CURVE('',#1959,#1953,#1159,.T.);
#4078=EDGE_CURVE('',#2031,#1959,#1163,.T.);
#4081=EDGE_CURVE('',#2025,#1946,#1167,.T.);
#4083=EDGE_CURVE('',#2031,#2025,#1171,.T.);
#4093=EDGE_CURVE('',#2029,#1957,#1175,.T.);
#4095=EDGE_CURVE('',#1957,#1959,#1251,.T.);
#4098=EDGE_CURVE('',#2029,#2031,#1179,.T.);
#4108=EDGE_CURVE('',#2027,#1955,#1183,.T.);
#4110=EDGE_CURVE('',#1955,#1957,#1243,.T.);
#4113=EDGE_CURVE('',#2027,#2029,#1187,.T.);
#4126=EDGE_CURVE('',#2025,#2027,#1191,.T.);
#4136=EDGE_CURVE('',#2131,#2135,#1195,.T.);
#4138=EDGE_CURVE('',#2143,#2131,#1199,.T.);
#4140=EDGE_CURVE('',#2139,#2143,#1203,.T.);
#4142=EDGE_CURVE('',#2135,#2139,#1207,.T.);
#4158=EDGE_CURVE('',#2130,#2131,#1219,.T.);
#4161=EDGE_CURVE('',#2134,#2135,#1235,.T.);
#4163=EDGE_CURVE('',#2130,#2134,#1211,.T.);
#4173=EDGE_CURVE('',#2142,#2143,#1215,.T.);
#4177=EDGE_CURVE('',#2142,#2130,#1223,.T.);
#4187=EDGE_CURVE('',#2138,#2139,#1227,.T.);
#4191=EDGE_CURVE('',#2138,#2142,#1231,.T.);
#4204=EDGE_CURVE('',#2134,#2138,#1239,.T.);
#4227=EDGE_CURVE('',#1957,#1951,#1255,.T.);
#4252=EDGE_CURVE('',#2003,#1995,#1267,.T.);
#4254=EDGE_CURVE('',#2001,#2003,#1259,.T.);
#4256=EDGE_CURVE('',#2001,#1994,#1279,.T.);
#4267=EDGE_CURVE('',#2005,#1997,#1275,.T.);
#4269=EDGE_CURVE('',#2003,#2005,#1263,.T.);
#4281=EDGE_CURVE('',#2007,#1999,#1287,.T.);
#4283=EDGE_CURVE('',#2005,#2007,#1271,.T.);
#4296=EDGE_CURVE('',#2007,#2001,#1283,.T.);
#4307=EDGE_CURVE('',#2039,#2007,#1291,.T.);
#4310=EDGE_CURVE('',#2033,#2001,#1295,.T.);
#4312=EDGE_CURVE('',#2039,#2033,#1299,.T.);
#4322=EDGE_CURVE('',#2037,#2005,#1303,.T.);
#4326=EDGE_CURVE('',#2037,#2039,#1307,.T.);
#4336=EDGE_CURVE('',#2035,#2003,#1311,.T.);
#4340=EDGE_CURVE('',#2035,#2037,#1315,.T.);
#4353=EDGE_CURVE('',#2033,#2035,#1319,.T.);
#4363=EDGE_CURVE('',#2147,#2151,#1323,.T.);
#4365=EDGE_CURVE('',#2159,#2147,#1327,.T.);
#4367=EDGE_CURVE('',#2155,#2159,#1331,.T.);
#4369=EDGE_CURVE('',#2151,#2155,#1335,.T.);
#4385=EDGE_CURVE('',#2146,#2147,#1347,.T.);
#4388=EDGE_CURVE('',#2150,#2151,#1363,.T.);
#4390=EDGE_CURVE('',#2146,#2150,#1339,.T.);
#4400=EDGE_CURVE('',#2158,#2159,#1343,.T.);
#4404=EDGE_CURVE('',#2158,#2146,#1351,.T.);
#4414=EDGE_CURVE('',#2154,#2155,#1355,.T.);
#4418=EDGE_CURVE('',#2154,#2158,#1359,.T.);
#4431=EDGE_CURVE('',#2150,#2154,#1367,.T.);
#4454=EDGE_CURVE('',#2019,#2011,#1379,.T.);
#4456=EDGE_CURVE('',#2017,#2019,#1371,.T.);
#4458=EDGE_CURVE('',#2017,#2010,#1391,.T.);
#4469=EDGE_CURVE('',#2021,#2013,#1387,.T.);
#4471=EDGE_CURVE('',#2019,#2021,#1375,.T.);
#4483=EDGE_CURVE('',#2023,#2015,#1399,.T.);
#4485=EDGE_CURVE('',#2021,#2023,#1383,.T.);
#4498=EDGE_CURVE('',#2023,#2017,#1395,.T.);
#4509=EDGE_CURVE('',#2047,#2023,#1403,.T.);
#4512=EDGE_CURVE('',#2041,#2017,#1407,.T.);
#4514=EDGE_CURVE('',#2047,#2041,#1411,.T.);
#4524=EDGE_CURVE('',#2045,#2021,#1415,.T.);
#4528=EDGE_CURVE('',#2045,#2047,#1419,.T.);
#4538=EDGE_CURVE('',#2043,#2019,#1423,.T.);
#4542=EDGE_CURVE('',#2043,#2045,#1427,.T.);
#4555=EDGE_CURVE('',#2041,#2043,#1431,.T.);
#4565=EDGE_CURVE('',#2163,#2167,#1435,.T.);
#4567=EDGE_CURVE('',#2175,#2163,#1439,.T.);
#4569=EDGE_CURVE('',#2171,#2175,#1443,.T.);
#4571=EDGE_CURVE('',#2167,#2171,#1447,.T.);
#4587=EDGE_CURVE('',#2162,#2163,#1459,.T.);
#4590=EDGE_CURVE('',#2166,#2167,#1475,.T.);
#4592=EDGE_CURVE('',#2162,#2166,#1451,.T.);
#4602=EDGE_CURVE('',#2174,#2175,#1455,.T.);
#4606=EDGE_CURVE('',#2174,#2162,#1463,.T.);
#4616=EDGE_CURVE('',#2170,#2171,#1467,.T.);
#4620=EDGE_CURVE('',#2170,#2174,#1471,.T.);
#4633=EDGE_CURVE('',#2166,#2170,#1479,.T.);
#4656=EDGE_CURVE('',#2191,#2211,#1491,.T.);
#4658=EDGE_CURVE('',#2183,#2191,#1483,.T.);
#4660=EDGE_CURVE('',#2183,#2210,#1503,.T.);
#4671=EDGE_CURVE('',#2199,#2213,#1499,.T.);
#4673=EDGE_CURVE('',#2191,#2199,#1487,.T.);
#4685=EDGE_CURVE('',#2207,#2215,#1511,.T.);
#4687=EDGE_CURVE('',#2199,#2207,#1495,.T.);
#4700=EDGE_CURVE('',#2207,#2183,#1507,.T.);
#4711=EDGE_CURVE('',#2206,#2207,#1515,.T.);
#4714=EDGE_CURVE('',#2182,#2183,#1519,.T.);
#4716=EDGE_CURVE('',#2206,#2182,#1523,.T.);
#4726=EDGE_CURVE('',#2198,#2199,#1527,.T.);
#4730=EDGE_CURVE('',#2198,#2206,#1531,.T.);
#4740=EDGE_CURVE('',#2190,#2191,#1535,.T.);
#4744=EDGE_CURVE('',#2190,#2198,#1539,.T.);
#4757=EDGE_CURVE('',#2182,#2190,#1543,.T.);
#4767=EDGE_CURVE('',#2179,#2187,#1547,.T.);
#4769=EDGE_CURVE('',#2203,#2179,#1551,.T.);
#4771=EDGE_CURVE('',#2195,#2203,#1555,.T.);
#4773=EDGE_CURVE('',#2187,#2195,#1559,.T.);
#4789=EDGE_CURVE('',#2178,#2179,#1571,.T.);
#4792=EDGE_CURVE('',#2186,#2187,#1587,.T.);
#4794=EDGE_CURVE('',#2178,#2186,#1563,.T.);
#4804=EDGE_CURVE('',#2202,#2203,#1567,.T.);
#4808=EDGE_CURVE('',#2202,#2178,#1575,.T.);
#4818=EDGE_CURVE('',#2194,#2195,#1579,.T.);
#4822=EDGE_CURVE('',#2194,#2202,#1583,.T.);
#4835=EDGE_CURVE('',#2186,#2194,#1591,.T.);
#4858=EDGE_CURVE('',#2279,#2299,#1603,.T.);
#4860=EDGE_CURVE('',#2271,#2279,#1595,.T.);
#4862=EDGE_CURVE('',#2271,#2298,#1615,.T.);
#4873=EDGE_CURVE('',#2287,#2301,#1611,.T.);
#4875=EDGE_CURVE('',#2279,#2287,#1599,.T.);
#4887=EDGE_CURVE('',#2295,#2303,#1623,.T.);
#4889=EDGE_CURVE('',#2287,#2295,#1607,.T.);
#4902=EDGE_CURVE('',#2295,#2271,#1619,.T.);
#4913=EDGE_CURVE('',#2294,#2295,#1627,.T.);
#4916=EDGE_CURVE('',#2270,#2271,#1631,.T.);
#4918=EDGE_CURVE('',#2294,#2270,#1635,.T.);
#4928=EDGE_CURVE('',#2286,#2287,#1639,.T.);
#4932=EDGE_CURVE('',#2286,#2294,#1643,.T.);
#4942=EDGE_CURVE('',#2278,#2279,#1647,.T.);
#4946=EDGE_CURVE('',#2278,#2286,#1651,.T.);
#4959=EDGE_CURVE('',#2270,#2278,#1655,.T.);
#4969=EDGE_CURVE('',#2267,#2275,#1659,.T.);
#4971=EDGE_CURVE('',#2291,#2267,#1663,.T.);
#4973=EDGE_CURVE('',#2283,#2291,#1667,.T.);
#4975=EDGE_CURVE('',#2275,#2283,#1671,.T.);
#4991=EDGE_CURVE('',#2266,#2267,#1683,.T.);
#4994=EDGE_CURVE('',#2274,#2275,#1699,.T.);
#4996=EDGE_CURVE('',#2266,#2274,#1675,.T.);
#5006=EDGE_CURVE('',#2290,#2291,#1679,.T.);
#5010=EDGE_CURVE('',#2290,#2266,#1687,.T.);
#5020=EDGE_CURVE('',#2282,#2283,#1691,.T.);
#5024=EDGE_CURVE('',#2282,#2290,#1695,.T.);
#5037=EDGE_CURVE('',#2274,#2282,#1703,.T.);
#5060=EDGE_CURVE('',#2367,#2387,#1715,.T.);
#5062=EDGE_CURVE('',#2359,#2367,#1707,.T.);
#5064=EDGE_CURVE('',#2359,#2386,#1727,.T.);
#5075=EDGE_CURVE('',#2375,#2389,#1723,.T.);
#5077=EDGE_CURVE('',#2367,#2375,#1711,.T.);
#5089=EDGE_CURVE('',#2383,#2391,#1735,.T.);
#5091=EDGE_CURVE('',#2375,#2383,#1719,.T.);
#5104=EDGE_CURVE('',#2383,#2359,#1731,.T.);
#5115=EDGE_CURVE('',#2382,#2383,#1739,.T.);
#5118=EDGE_CURVE('',#2358,#2359,#1743,.T.);
#5120=EDGE_CURVE('',#2382,#2358,#1747,.T.);
#5130=EDGE_CURVE('',#2374,#2375,#1751,.T.);
#5134=EDGE_CURVE('',#2374,#2382,#1755,.T.);
#5144=EDGE_CURVE('',#2366,#2367,#1759,.T.);
#5148=EDGE_CURVE('',#2366,#2374,#1763,.T.);
#5161=EDGE_CURVE('',#2358,#2366,#1767,.T.);
#5171=EDGE_CURVE('',#2355,#2363,#1771,.T.);
#5173=EDGE_CURVE('',#2379,#2355,#1775,.T.);
#5175=EDGE_CURVE('',#2371,#2379,#1779,.T.);
#5177=EDGE_CURVE('',#2363,#2371,#1783,.T.);
#5193=EDGE_CURVE('',#2354,#2355,#1795,.T.);
#5196=EDGE_CURVE('',#2362,#2363,#1811,.T.);
#5198=EDGE_CURVE('',#2354,#2362,#1787,.T.);
#5208=EDGE_CURVE('',#2378,#2379,#1791,.T.);
#5212=EDGE_CURVE('',#2378,#2354,#1799,.T.);
#5222=EDGE_CURVE('',#2370,#2371,#1803,.T.);
#5226=EDGE_CURVE('',#2370,#2378,#1807,.T.);
#5239=EDGE_CURVE('',#2362,#2370,#1815,.T.);
#5262=EDGE_CURVE('',#2455,#2475,#1827,.T.);
#5264=EDGE_CURVE('',#2447,#2455,#1819,.T.);
#5266=EDGE_CURVE('',#2447,#2474,#1839,.T.);
#5277=EDGE_CURVE('',#2463,#2477,#1835,.T.);
#5279=EDGE_CURVE('',#2455,#2463,#1823,.T.);
#5291=EDGE_CURVE('',#2471,#2479,#1847,.T.);
#5293=EDGE_CURVE('',#2463,#2471,#1831,.T.);
#5306=EDGE_CURVE('',#2471,#2447,#1843,.T.);
#5317=EDGE_CURVE('',#2470,#2471,#1851,.T.);
#5320=EDGE_CURVE('',#2446,#2447,#1855,.T.);
#5322=EDGE_CURVE('',#2470,#2446,#1859,.T.);
#5332=EDGE_CURVE('',#2462,#2463,#1863,.T.);
#5336=EDGE_CURVE('',#2462,#2470,#1867,.T.);
#5346=EDGE_CURVE('',#2454,#2455,#1871,.T.);
#5350=EDGE_CURVE('',#2454,#2462,#1875,.T.);
#5363=EDGE_CURVE('',#2446,#2454,#1879,.T.);
#5373=EDGE_CURVE('',#2443,#2451,#1883,.T.);
#5375=EDGE_CURVE('',#2467,#2443,#1887,.T.);
#5377=EDGE_CURVE('',#2459,#2467,#1891,.T.);
#5379=EDGE_CURVE('',#2451,#2459,#1895,.T.);
#5395=EDGE_CURVE('',#2442,#2443,#1907,.T.);
#5398=EDGE_CURVE('',#2450,#2451,#1923,.T.);
#5400=EDGE_CURVE('',#2442,#2450,#1899,.T.);
#5410=EDGE_CURVE('',#2466,#2467,#1903,.T.);
#5414=EDGE_CURVE('',#2466,#2442,#1911,.T.);
#5424=EDGE_CURVE('',#2458,#2459,#1915,.T.);
#5428=EDGE_CURVE('',#2458,#2466,#1919,.T.);
#5441=EDGE_CURVE('',#2450,#2458,#1927,.T.);
#5468=ADVANCED_BREP_SHAPE_REPRESENTATION('',(#5459),#5467);
#5475=PRODUCT_DEFINITION('part definition','',#5474,#5471);
#5476=PRODUCT_DEFINITION_SHAPE('','SHAPE FOR C-534237-5.',#5475);
#5477=SHAPE_ASPECT('','solid data associated with C-534237-5',#5476,.F.);
#5478=PROPERTY_DEFINITION('',
'shape for solid data with which properties are associated',#5477);
#5479=SHAPE_REPRESENTATION('',(#5459),#5467);
#5480=SHAPE_DEFINITION_REPRESENTATION(#5478,#5479);
#5484=PROPERTY_DEFINITION('geometric_validation_property','area of C-534237-5',
#5477);
#5485=REPRESENTATION('surface area',(#5483),#5467);
#5486=PROPERTY_DEFINITION_REPRESENTATION(#5484,#5485);
#5490=PROPERTY_DEFINITION('geometric_validation_property',
'volume of C-534237-5',#5477);
#5491=REPRESENTATION('volume',(#5489),#5467);
#5492=PROPERTY_DEFINITION_REPRESENTATION(#5490,#5491);
#5494=PROPERTY_DEFINITION('geometric_validation_property',
'centroid of C-534237-5',#5477);
#5495=REPRESENTATION('centroid',(#5493),#5467);
#5496=PROPERTY_DEFINITION_REPRESENTATION(#5494,#5495);
#5500=PROPERTY_DEFINITION('geometric_validation_property','area of C-534237-5',
#5476);
#5501=REPRESENTATION('surface area',(#5499),#5467);
#5502=PROPERTY_DEFINITION_REPRESENTATION(#5500,#5501);
#5506=PROPERTY_DEFINITION('geometric_validation_property',
'volume of C-534237-5',#5476);
#5507=REPRESENTATION('volume',(#5505),#5467);
#5508=PROPERTY_DEFINITION_REPRESENTATION(#5506,#5507);
#5510=PROPERTY_DEFINITION('geometric_validation_property',
'centroid of C-534237-5',#5476);
#5511=REPRESENTATION('centroid',(#5509),#5467);
#5512=PROPERTY_DEFINITION_REPRESENTATION(#5510,#5511);
#5513=SHAPE_DEFINITION_REPRESENTATION(#5476,#5468);
#5515=PROPERTY_DEFINITION('user defined attribute','',#5475);
#5519=REPRESENTATION('',(#5518),#5467);
#5520=PROPERTY_DEFINITION_REPRESENTATION(#5515,#5519);
#5521=PROPERTY_DEFINITION('user defined attribute','',#5475);
#5525=REPRESENTATION('',(#5524),#5467);
#5526=PROPERTY_DEFINITION_REPRESENTATION(#5521,#5525);
#5527=PROPERTY_DEFINITION('user defined attribute','',#5475);
#5531=REPRESENTATION('',(#5530),#5467);
#5532=PROPERTY_DEFINITION_REPRESENTATION(#5527,#5531);
#5533=PROPERTY_DEFINITION('user defined attribute','',#5475);
#5537=REPRESENTATION('',(#5536),#5467);
#5538=PROPERTY_DEFINITION_REPRESENTATION(#5533,#5537);
#5539=PROPERTY_DEFINITION('user defined attribute','',#5475);
#5543=REPRESENTATION('',(#5542),#5467);
#5544=PROPERTY_DEFINITION_REPRESENTATION(#5539,#5543);
#5545=PROPERTY_DEFINITION('user defined attribute','',#5475);
#5549=REPRESENTATION('',(#5548),#5467);
#5550=PROPERTY_DEFINITION_REPRESENTATION(#5545,#5549);
#5551=PROPERTY_DEFINITION('user defined attribute','',#5475);
#5555=REPRESENTATION('',(#5554),#5467);
#5556=PROPERTY_DEFINITION_REPRESENTATION(#5551,#5555);
#5557=PROPERTY_DEFINITION('user defined attribute','',#5475);
#5561=REPRESENTATION('',(#5560),#5467);
#5562=PROPERTY_DEFINITION_REPRESENTATION(#5557,#5561);
#5563=PROPERTY_DEFINITION('user defined attribute','',#5475);
#5567=REPRESENTATION('',(#5566),#5467);
#5568=PROPERTY_DEFINITION_REPRESENTATION(#5563,#5567);
#5569=PROPERTY_DEFINITION('user defined attribute','',#5475);
#5573=REPRESENTATION('',(#5572),#5467);
#5574=PROPERTY_DEFINITION_REPRESENTATION(#5569,#5573);
#5575=PROPERTY_DEFINITION('user defined attribute','',#5475);
#5579=REPRESENTATION('',(#5578),#5467);
#5580=PROPERTY_DEFINITION_REPRESENTATION(#5575,#5579);
#5581=PROPERTY_DEFINITION('user defined attribute','',#5475);
#5585=REPRESENTATION('',(#5584),#5467);
#5586=PROPERTY_DEFINITION_REPRESENTATION(#5581,#5585);
#5587=PROPERTY_DEFINITION('user defined attribute','',#5475);
#5591=REPRESENTATION('',(#5590),#5467);
#5592=PROPERTY_DEFINITION_REPRESENTATION(#5587,#5591);
#5593=PROPERTY_DEFINITION('user defined attribute','',#5475);
#5597=REPRESENTATION('',(#5596),#5467);
#5598=PROPERTY_DEFINITION_REPRESENTATION(#5593,#5597);
#5599=PROPERTY_DEFINITION('user defined attribute','',#5475);
#5603=REPRESENTATION('',(#5602),#5467);
#5604=PROPERTY_DEFINITION_REPRESENTATION(#5599,#5603);
#5605=PROPERTY_DEFINITION('user defined attribute','',#5475);
#5609=REPRESENTATION('',(#5608),#5467);
#5610=PROPERTY_DEFINITION_REPRESENTATION(#5605,#5609);
#5611=PROPERTY_DEFINITION('user defined attribute','',#5475);
#5614=PROPERTY_DEFINITION('user defined attribute','',#5475);
#5618=REPRESENTATION('',(#5617),#5467);
#5619=PROPERTY_DEFINITION_REPRESENTATION(#5614,#5618);
#5620=PROPERTY_DEFINITION('user defined attribute','',#5475);
#5624=REPRESENTATION('',(#5623),#5467);
#5625=PROPERTY_DEFINITION_REPRESENTATION(#5620,#5624);
#5626=PROPERTY_DEFINITION('user defined attribute','',#5475);
#5630=REPRESENTATION('',(#5629),#5467);
#5631=PROPERTY_DEFINITION_REPRESENTATION(#5626,#5630);
#5632=PROPERTY_DEFINITION('user defined attribute','',#5475);
#5636=REPRESENTATION('',(#5635),#5467);
#5637=PROPERTY_DEFINITION_REPRESENTATION(#5632,#5636);
#5638=PROPERTY_DEFINITION('user defined attribute','',#5475);
#5642=REPRESENTATION('',(#5641),#5467);
#5643=PROPERTY_DEFINITION_REPRESENTATION(#5638,#5642);
#5644=PROPERTY_DEFINITION('user defined attribute','',#5475);
#5648=REPRESENTATION('',(#5647),#5467);
#5649=PROPERTY_DEFINITION_REPRESENTATION(#5644,#5648);
#5650=PROPERTY_DEFINITION('user defined attribute','',#5475);
#5654=REPRESENTATION('',(#5653),#5467);
#5655=PROPERTY_DEFINITION_REPRESENTATION(#5650,#5654);
#5656=PROPERTY_DEFINITION('user defined attribute','',#5475);
#5660=REPRESENTATION('',(#5659),#5467);
#5661=PROPERTY_DEFINITION_REPRESENTATION(#5656,#5660);
#5662=PROPERTY_DEFINITION('user defined attribute','',#5475);
#5666=REPRESENTATION('',(#5665),#5467);
#5667=PROPERTY_DEFINITION_REPRESENTATION(#5662,#5666);
#5668=DERIVED_UNIT((#5482));
#5669=DERIVED_UNIT((#5488));
#5670=DERIVED_UNIT((#5498));
#5671=DERIVED_UNIT((#5504));
ENDSEC;
END-ISO-10303-21;
